NEB log file generated by ORCA
All quantities are given in atomic units. Unless stated otherwise. 
iteration       : 0
climbing        : no
zoom on         : no
nim             : 26
barrier         :   0.00823466 (image:  9) 
distance        :   0.00000000    0.07615665    0.15243724    0.22889643    0.30555798    0.38243014    0.45951011    0.53678557    0.61423542    0.69182862    0.76951460    0.84718994    0.92464220    1.00159030    1.07904030    1.15670531    1.23436592    1.31192233    1.38932743    1.46655284    1.54358006    1.62039959    1.69701171    1.77342788    1.84967476    1.92580738 
energy          : -600.13456430  -600.13455251  -600.13391061  -600.13282537  -600.13147127  -600.13002029  -600.12863711  -600.12747632  -600.12666821  -600.12632964  -600.12658152  -600.12750107  -600.12913576  -600.13145922  -600.13448144  -600.13816714  -600.14244991  -600.14723607  -600.15236367  -600.15763141  -600.16277148  -600.16747283  -600.17137587  -600.17404701  -600.17493156  -600.17332434 
max(|Fr_perp|)   :   0.00000000    0.00730459    0.00978335    0.01278796    0.01471863    0.01576598    0.01615838    0.01601678    0.01543927    0.01461320    0.01369506    0.01309254    0.01309125    0.01328127    0.01371291    0.01435310    0.01506595    0.01565594    0.01592487    0.01563328    0.01440303    0.01178745    0.00736053    0.00270364    0.00973401    0.00000000 
Fr_paral         :   0.00000000   -0.00468323   -0.01167591   -0.01632897   -0.01865168   -0.01879629   -0.01680391   -0.01296876   -0.00760785   -0.00079948    0.00733942    0.01639478    0.02559151    0.03457934    0.04326759    0.05140948    0.05867805    0.06442753    0.06781312    0.06818009    0.06479959    0.05702758    0.04410547    0.02469330   -0.00300533    0.00000000 
max(|Fsp_paral|) :   0.00000000    0.00036405    0.00063268    0.00081329    0.00089393    0.00087340    0.00075119    0.00053628    0.00023331    0.00000734    0.00016916    0.00064569    0.00112992    0.00152748    0.00202783    0.00005683    0.00000082    0.00000117    0.00000137    0.00000148    0.00000153    0.00000150    0.00000139    0.00000118    0.00000077    0.00000000 
max(|Fsp_perp|)  :   0.00000000    0.00000000    0.00000000    0.00000000    0.00000000    0.00000000    0.00000000    0.00000000    0.00000000    0.00000000    0.00000000    0.00000000    0.00000000    0.00000000    0.00000000    0.00000000    0.00000000    0.00000000    0.00000000    0.00000000    0.00000000    0.00000000    0.00000000    0.00000000    0.00000000    0.00000000 
max(|FNEB|)      :   0.00000000    0.00728024    0.01029991    0.01342866    0.01539868    0.01640775    0.01669334    0.01638948    0.01560105    0.01462447    0.01359083    0.01337202    0.01357205    0.01392985    0.01457825    0.01438853    0.01507912    0.01566921    0.01593683    0.01564178    0.01440499    0.01177960    0.00734310    0.00272380    0.00974863    0.00000000 
max(|Force|)     :   0.00957590    0.00779253    0.01322417    0.01732108    0.01962481    0.02042454    0.02003488    0.01868038    0.01655164    0.01420987    0.01743695    0.02107166    0.02481540    0.02858971    0.03317661    0.03992550    0.04593092    0.05068365    0.05349691    0.05384101    0.05112972    0.04485477    0.03438857    0.01863176    0.01065134    0.04081123 
ksp              :   0.01015989    0.01716640    0.02902153    0.04385159    0.05971984    0.07482623    0.08749774    0.09631702    0.10000000    0.10000000    0.09725207    0.08701328    0.06912924    0.04391117    0.01092187    0.01000000    0.01000000    0.01000000    0.01000000    0.01000000    0.01000000    0.01000000    0.01000000    0.01000000    0.01000000 
max(|step|)      :   0.00000000    0.04361165    0.06170070    0.08044321    0.09224446    0.09828921    0.10000000    0.09817973    0.09345675    0.08760658    0.08141467    0.08010392    0.08130219    0.08344553    0.08732974    0.08619321    0.09033013    0.09386505    0.09546817    0.09370071    0.08629181    0.07056467    0.04398819    0.01631670    0.05839829    0.00000000 
angle (deg.)     :    53.3785  8.6387  8.1836  7.1988  5.8175  4.6502  3.6224  2.3765  2.4034  1.1221  0.8358  1.1385  1.4899  2.2377  0.8718  1.6185  3.1522  4.8899  7.3282  9.8277  11.6460  13.0795  13.0014  99.3189 
>
iteration       : 1
climbing        : no
zoom on         : no
nim             : 26
barrier         :   0.00608199 (image:  9) 
distance        :   0.00000000    0.12141299    0.21011634    0.29330712    0.37291961    0.45041567    0.52668124    0.60215560    0.67701181    0.75277798    0.82921848    0.90272262    0.97582422    1.04913324    1.12255302    1.21517799    1.29404108    1.37285108    1.45174214    1.53056877    1.60971501    1.69073737    1.77666250    1.87309539    1.98848719    2.11673452 
energy          : -600.13456430  -600.13460848  -600.13471619  -600.13429394  -600.13345954  -600.13234500  -600.13112677  -600.12997228  -600.12903678  -600.12848231  -600.12849511  -600.12915897  -600.13051884  -600.13259346  -600.13536420  -600.13975684  -600.14417690  -600.14904731  -600.15417917  -600.15933052  -600.16415920  -600.16837855  -600.17177027  -600.17415780  -600.17522296  -600.17332434 
max(|Fr_perp|)   :   0.00000000    0.01160594    0.01274309    0.01025084    0.01009328    0.01140992    0.01192470    0.01195899    0.01181462    0.01165243    0.01131494    0.01089473    0.01028575    0.00960438    0.00873107    0.00814587    0.00805618    0.00885286    0.00994414    0.01121223    0.01283140    0.01431946    0.01401140    0.01163140    0.00842096    0.00000000 
Fr_paral         :   0.00000000   -0.01409947   -0.00274071   -0.00914973   -0.01379986   -0.01636227   -0.01662308   -0.01474150   -0.01059646   -0.00416868    0.00446308    0.01370371    0.02333732    0.03295263    0.04212825    0.05238506    0.05925853    0.06385911    0.06571219    0.06396446    0.05788693    0.04758572    0.03428891    0.01941579    0.01991938    0.00000000 
max(|Fsp_paral|) :   0.00000000    0.00021317    0.00020998    0.00063703    0.00083507    0.00097019    0.00095373    0.00078169    0.00056857    0.00005532    0.00025242    0.00062724    0.00120802    0.00186577    0.00161692    0.00011324    0.00000044    0.00000067    0.00000053    0.00000257    0.00001447    0.00003459    0.00006755    0.00013829    0.00009664    0.00000000 
max(|Fsp_perp|)  :   0.00000000    0.00000000    0.00000000    0.00000000    0.00000000    0.00000000    0.00000000    0.00000000    0.00000000    0.00000000    0.00000000    0.00000000    0.00000000    0.00000000    0.00000000    0.00000000    0.00000000    0.00000000    0.00000000    0.00000000    0.00000000    0.00000000    0.00000000    0.00000000    0.00000000    0.00000000 
max(|FNEB|)      :   0.00000000    0.01139277    0.01260400    0.00967872    0.01085095    0.01215777    0.01256723    0.01242981    0.01213198    0.01168189    0.01118066    0.01056480    0.00974734    0.00973778    0.00892525    0.00818654    0.00805592    0.00885325    0.00994384    0.01121367    0.01283917    0.01433668    0.01403951    0.01171587    0.00849676    0.00000000 
max(|Force|)     :   0.00957590    0.01377784    0.01411577    0.01586218    0.01778592    0.01874468    0.01818812    0.01601565    0.01233687    0.01017133    0.01326351    0.01685700    0.02053736    0.02536733    0.03308208    0.04164758    0.04717003    0.05051908    0.05120728    0.04874049    0.04313366    0.03527863    0.02677247    0.02028218    0.02016527    0.04081123 
ksp              :   0.01000000    0.01000000    0.01400069    0.02634793    0.04284077    0.06086774    0.07795166    0.09179501    0.10000000    0.10000000    0.09981059    0.08998680    0.06986374    0.03916406    0.01000000    0.01000000    0.01000000    0.01000000    0.01000000    0.01000000    0.01000000    0.01000000    0.01000000    0.01000000    0.01000000 
max(|step|)      :   0.00000000    0.05248110    0.05249841    0.07607278    0.09037919    0.09779927    0.10000000    0.09841056    0.09443171    0.08929921    0.08380449    0.07858751    0.08012422    0.08156723    0.08218460    0.07955181    0.08007284    0.08304471    0.08691385    0.09042112    0.09096683    0.08244701    0.05821797    0.03582212    0.05559466    0.00059916 
angle (deg.)     :    61.8173  23.9416  10.8961  10.6215  8.7009  6.8566  5.0055  3.2094  2.7147  1.9586  1.5977  1.7641  1.8335  3.1981  3.3393  1.8599  1.1898  3.6497  7.7945  14.2313  18.3637  16.6889  24.9849  135.0104 
>
iteration       : 2
climbing        : no
zoom on         : no
nim             : 26
barrier         :   0.00481119 (image: 10) 
distance        :   0.00000000    0.17699102    0.26436948    0.36693138    0.45712400    0.54021973    0.61919557    0.69555672    0.76987492    0.84434227    0.91961088    0.98977158    1.05833706    1.12723519    1.19870683    1.30637262    1.38719881    1.46766975    1.54796701    1.62816028    1.71030049    1.79987031    1.90593694    2.04126603    2.22537290    2.41499302 
energy          : -600.13456430  -600.13432014  -600.13511313  -600.13501837  -600.13450592  -600.13363557  -600.13254889  -600.13142973  -600.13047659  -600.12985926  -600.12975311  -600.13023469  -600.13130921  -600.13302970  -600.13551575  -600.14055155  -600.14515760  -600.15025503  -600.15554198  -600.16064936  -600.16527685  -600.16921273  -600.17230114  -600.17460856  -600.17483262  -600.17332434 
max(|Fr_perp|)   :   0.00000000    0.01173422    0.00630263    0.00589880    0.00564538    0.00523243    0.00576327    0.00582218    0.00621246    0.00707444    0.00791603    0.00847530    0.00880163    0.00883294    0.00815089    0.00563586    0.00512797    0.00328403    0.00406388    0.00626801    0.00816838    0.00997867    0.00885364    0.00610647    0.01713430    0.00000000 
Fr_paral         :   0.00000000   -0.01299677    0.00413434   -0.00380626   -0.00898399   -0.01314756   -0.01518387   -0.01457809   -0.01126014   -0.00541780    0.00280136    0.01131671    0.02030453    0.02974238    0.03960392    0.05307289    0.06065254    0.06528820    0.06559457    0.06087132    0.05103337    0.03721071    0.02320743    0.01273240    0.02790546    0.00000000 
max(|Fsp_paral|) :   0.00000000    0.00107456    0.00022221    0.00001635    0.00084950    0.00110233    0.00115548    0.00096191    0.00072452    0.00019473    0.00043263    0.00066539    0.00117060    0.00182333    0.00145076    0.00022739    0.00000304    0.00000143    0.00000088    0.00001625    0.00006076    0.00012261    0.00021931    0.00041140    0.00004481    0.00000000 
max(|Fsp_perp|)  :   0.00000000    0.00000000    0.00000000    0.00000000    0.00000000    0.00000000    0.00000000    0.00000000    0.00000000    0.00000000    0.00000000    0.00000000    0.00000000    0.00000000    0.00000000    0.00000000    0.00000000    0.00000000    0.00000000    0.00000000    0.00000000    0.00000000    0.00000000    0.00000000    0.00000000    0.00000000 
max(|FNEB|)      :   0.00000000    0.01182209    0.00638369    0.00594053    0.00481999    0.00609732    0.00649585    0.00633575    0.00637913    0.00714131    0.00796038    0.00852265    0.00884866    0.00888346    0.00820345    0.00567145    0.00516944    0.00328629    0.00408684    0.00633618    0.00824555    0.01006067    0.00890454    0.00609727    0.01721211    0.00000000 
max(|Force|)     :   0.00957590    0.01473124    0.00568788    0.00805314    0.01165171    0.01468069    0.01601003    0.01515869    0.01205523    0.00688664    0.00810318    0.01151228    0.01559710    0.02377842    0.03209275    0.04321537    0.04962488    0.05305532    0.05279961    0.04804049    0.03848933    0.02514383    0.01331681    0.00950228    0.02517979    0.04081123 
ksp              :   0.01490182    0.01490182    0.01000000    0.01113540    0.02740145    0.04770758    0.06862130    0.08643548    0.09797806    0.10000000    0.10000000    0.09100447    0.07083321    0.03867372    0.01000000    0.01000000    0.01000000    0.01000000    0.01000000    0.01000000    0.01000000    0.01000000    0.01000000    0.01000000    0.01000000 
max(|step|)      :   0.00000000    0.03032388    0.01637427    0.01523755    0.01236336    0.01563974    0.01666196    0.01625131    0.01636257    0.01831759    0.02041850    0.02186076    0.02269696    0.02278623    0.02104199    0.01454737    0.01325969    0.00842938    0.01048282    0.01625241    0.02114998    0.02580580    0.02284030    0.01563960    0.04414937    0.00000000 
angle (deg.)     :    27.9570  6.8334  12.6082  11.8527  10.0566  7.2423  4.4381  2.8186  2.2669  2.3800  1.7508  1.8576  2.8222  3.5651  2.8489  10.8662  2.7460  1.4223  4.9770  13.9167  23.4686  16.9783  19.2334  144.0842 
>
iteration       : 3
climbing        : no
zoom on         : no
nim             : 26
barrier         :   0.00450996 (image: 10) 
distance        :   0.00000000    0.17901155    0.21909828    0.33345724    0.43095669    0.51827180    0.60019614    0.67811631    0.75330007    0.82743751    0.90103108    0.97120877    1.03879826    1.10592694    1.17813986    1.28887949    1.37078503    1.45265588    1.53464332    1.61605798    1.69829847    1.78765514    1.89614113    2.03570403    2.25834864    2.46110182 
energy          : -600.13456430  -600.13522723  -600.13527627  -600.13511605  -600.13460749  -600.13376186  -600.13268649  -600.13159730  -600.13068006  -600.13011842  -600.13005434  -600.13054184  -600.13158358  -600.13321350  -600.13563780  -600.14064893  -600.14524947  -600.15029922  -600.15564935  -600.16091559  -600.16572536  -600.16973422  -600.17264356  -600.17470312  -600.17574166  -600.17332434 
max(|Fr_perp|)   :   0.00000000    0.00349925    0.00220498    0.00236046    0.00251642    0.00373587    0.00419388    0.00443813    0.00476940    0.00516958    0.00554880    0.00678930    0.00773337    0.00787909    0.00760382    0.00693842    0.00603427    0.00698124    0.00740597    0.00600731    0.00253917    0.00278357    0.00388587    0.00164356    0.00833051    0.00000000 
Fr_paral         :   0.00000000    0.00073331    0.00030474   -0.00316701   -0.00797495   -0.01220070   -0.01432608   -0.01366510   -0.01028222   -0.00455120    0.00295509    0.01110514    0.01973569    0.02872687    0.03828200    0.05170114    0.05973818    0.06389424    0.06568576    0.06251202    0.05314601    0.03698822    0.02070746    0.01114089    0.01740411    0.00000000 
max(|Fsp_paral|) :   0.00000000    0.00123337    0.00064009    0.00013265    0.00088022    0.00119981    0.00118565    0.00096868    0.00061613    0.00003416    0.00028909    0.00078299    0.00123351    0.00171729    0.00134359    0.00024707    0.00000030    0.00000094    0.00000462    0.00000663    0.00005732    0.00014677    0.00023941    0.00072402    0.00017647    0.00000000 
max(|Fsp_perp|)  :   0.00000000    0.00000000    0.00000000    0.00000000    0.00000000    0.00000000    0.00000000    0.00000000    0.00000000    0.00000000    0.00000000    0.00000000    0.00000000    0.00000000    0.00000000    0.00000000    0.00000000    0.00000000    0.00000000    0.00000000    0.00000000    0.00000000    0.00000000    0.00000000    0.00000000    0.00000000 
max(|FNEB|)      :   0.00000000    0.00374559    0.00216713    0.00237641    0.00339665    0.00465143    0.00490918    0.00494012    0.00506390    0.00518512    0.00541773    0.00681558    0.00776762    0.00791029    0.00762041    0.00682336    0.00603413    0.00698108    0.00740670    0.00600638    0.00253254    0.00284330    0.00390363    0.00154418    0.00837518    0.00000000 
max(|Force|)     :   0.00957590    0.00365343    0.00218945    0.00266001    0.00693928    0.01073213    0.01254260    0.01202239    0.00925142    0.00491576    0.00668264    0.01007436    0.01616325    0.02369805    0.03172927    0.04295071    0.04908060    0.05375581    0.05526996    0.05231928    0.04359580    0.02886155    0.01383686    0.00967042    0.01620234    0.04081123 
ksp              :   0.01000000    0.01000000    0.01000000    0.01000000    0.02601331    0.04747329    0.06920893    0.08751337    0.09872122    0.10000000    0.10000000    0.09027163    0.06948284    0.03695632    0.01000000    0.01000000    0.01000000    0.01000000    0.01000000    0.01000000    0.01000000    0.01000000    0.01000000    0.01000000    0.01000000 
max(|step|)      :   0.00000000    0.00948985    0.00702795    0.00632351    0.01092968    0.01478426    0.01565752    0.01557850    0.01586713    0.01630763    0.01692490    0.01751767    0.01772952    0.01752843    0.01815964    0.01815795    0.01537378    0.01480444    0.01210740    0.00648300    0.00746291    0.01465883    0.01577254    0.00852499    0.02930016    0.00071030 
angle (deg.)     :    28.1004  25.2489  13.1728  13.9056  11.6660  7.4554  3.9966  2.5637  2.1617  2.2596  1.6656  1.7248  1.3444  3.6169  6.0823  10.6187  18.7368  4.7048  2.6045  11.1229  29.0044  21.5256  15.2618  150.3428 
>
iteration       : 4
climbing        : no
zoom on         : no
nim             : 26
barrier         :   0.00439121 (image: 10) 
distance        :   0.00000000    0.18305421    0.21464843    0.33225187    0.43703673    0.52826107    0.61233117    0.69093961    0.76591460    0.83880345    0.91116461    0.98033596    1.04641362    1.11150555    1.18468326    1.29899281    1.38159900    1.46713510    1.55019952    1.63277376    1.71614927    1.80707905    1.91965450    2.06545300    2.32159859    2.54293560 
energy          : -600.13456430  -600.13514939  -600.13525721  -600.13513207  -600.13462765  -600.13377255  -600.13269485  -600.13161524  -600.13073761  -600.13021597  -600.13017309  -600.13066972  -600.13167766  -600.13322709  -600.13563734  -600.14078179  -600.14536138  -600.15058538  -600.15594537  -600.16114290  -600.16580861  -600.16979015  -600.17268055  -600.17474233  -600.17593551  -600.17332434 
max(|Fr_perp|)   :   0.00000000    0.00676813    0.00210249    0.00220151    0.00214916    0.00274659    0.00315551    0.00349639    0.00381806    0.00406476    0.00426779    0.00446168    0.00519261    0.00481078    0.00502200    0.00603587    0.00702704    0.00943250    0.00515366    0.00728352    0.00762921    0.00448491    0.00141747    0.00052509    0.00764855    0.00000000 
Fr_paral         :   0.00000000    0.00141591    0.00055968   -0.00280766   -0.00745937   -0.01175689   -0.01390618   -0.01317349   -0.00973235   -0.00409735    0.00309005    0.01105020    0.01942589    0.02811366    0.03772642    0.05150847    0.05899995    0.06243577    0.06466345    0.06061938    0.05064710    0.03501217    0.01889914    0.01084693    0.01195264    0.00000000 
max(|Fsp_paral|) :   0.00000000    0.00136870    0.00075369    0.00010414    0.00093074    0.00123959    0.00116915    0.00089427    0.00049570    0.00000953    0.00026916    0.00083560    0.00122448    0.00151094    0.00136709    0.00027210    0.00002486    0.00002132    0.00000388    0.00000625    0.00005742    0.00016385    0.00025516    0.00098018    0.00030440    0.00000000 
max(|Fsp_perp|)  :   0.00000000    0.00000000    0.00000000    0.00000000    0.00000000    0.00000000    0.00000000    0.00000000    0.00000000    0.00000000    0.00000000    0.00000000    0.00000000    0.00000000    0.00000000    0.00000000    0.00000000    0.00000000    0.00000000    0.00000000    0.00000000    0.00000000    0.00000000    0.00000000    0.00000000    0.00000000 
max(|FNEB|)      :   0.00000000    0.00647499    0.00245220    0.00221457    0.00271278    0.00368449    0.00384980    0.00396404    0.00406262    0.00406927    0.00414053    0.00446587    0.00518969    0.00478544    0.00440572    0.00591333    0.00703837    0.00943330    0.00515156    0.00728219    0.00761472    0.00444985    0.00161329    0.00104855    0.00775806    0.00000000 
max(|Force|)     :   0.00957590    0.00704216    0.00233006    0.00248769    0.00521897    0.00911058    0.01109888    0.01075159    0.00813553    0.00417345    0.00550055    0.00913897    0.01615507    0.02339724    0.03147223    0.04283505    0.04930460    0.05198621    0.05339006    0.05107192    0.04401505    0.02951458    0.01422862    0.00970337    0.01271072    0.04081123 
ksp              :   0.01000000    0.01000000    0.01000000    0.01000000    0.02622721    0.04831537    0.07044239    0.08842978    0.09912103    0.10000000    0.10000000    0.08982133    0.06916302    0.03740683    0.01000000    0.01000000    0.01000000    0.01000000    0.01000000    0.01000000    0.01000000    0.01000000    0.01000000    0.01000000    0.01000000 
max(|step|)      :   0.00000000    0.00891768    0.00672674    0.00451758    0.01190234    0.01612572    0.01700057    0.01711185    0.01746655    0.01779441    0.01834812    0.01858970    0.01861445    0.01848679    0.01964345    0.02187304    0.02147962    0.02009485    0.01574312    0.01478277    0.00997802    0.00692719    0.00992945    0.00508467    0.03259325    0.00160122 
angle (deg.)     :    20.1023  24.8716  14.1432  16.1067  13.1858  7.4736  3.6247  2.3843  2.1900  1.9865  1.4433  1.1943  0.7854  2.1245  6.1309  2.7991  9.2180  23.3730  9.4230  5.2837  33.3241  27.1713  12.3110  155.1526 
>
iteration       : 5
climbing        : no
zoom on         : no
nim             : 26
barrier         :   0.00429005 (image: 10) 
distance        :   0.00000000    0.18489444    0.21204311    0.33187673    0.44538804    0.54096966    0.62689446    0.70560318    0.77966581    0.85075543    0.92180343    0.98919809    1.05332074    1.11615391    1.19017548    1.30870529    1.39249667    1.48235599    1.56537560    1.65006552    1.73649210    1.82973159    1.94389127    2.09624309    2.38474276    2.62837961 
energy          : -600.13456430  -600.13518780  -600.13527473  -600.13515353  -600.13463346  -600.13376771  -600.13268657  -600.13163053  -600.13079165  -600.13030779  -600.13027425  -600.13074176  -600.13169161  -600.13314231  -600.13552794  -600.14080004  -600.14548283  -600.15103075  -600.15611514  -600.16142178  -600.16615166  -600.16990003  -600.17264793  -600.17474929  -600.17616985  -600.17332434 
max(|Fr_perp|)   :   0.00000000    0.00429044    0.00165233    0.00141954    0.00162783    0.00184059    0.00222766    0.00263038    0.00288904    0.00368880    0.00489442    0.00603945    0.00690607    0.00751511    0.00739866    0.00661638    0.00556506    0.00802616    0.01437930    0.00640610    0.00611644    0.00710950    0.00491783    0.00192156    0.00646032    0.00000000 
Fr_paral         :   0.00000000    0.00152621    0.00042956   -0.00262700   -0.00711897   -0.01142137   -0.01355949   -0.01278628   -0.00935057   -0.00386291    0.00311332    0.01081624    0.01889175    0.02722399    0.03700523    0.05124927    0.05935306    0.06364605    0.05967282    0.06006275    0.04887461    0.03058964    0.01667529    0.01079148    0.00806139    0.00000000 
max(|Fsp_paral|) :   0.00000000    0.00142069    0.00082980    0.00005280    0.00099940    0.00125895    0.00110437    0.00079568    0.00037984    0.00003854    0.00030715    0.00080933    0.00116275    0.00124857    0.00150314    0.00029695    0.00005185    0.00005932    0.00001437    0.00001353    0.00005032    0.00014700    0.00028625    0.00122276    0.00037996    0.00000000 
max(|Fsp_perp|)  :   0.00000000    0.00000000    0.00000000    0.00000000    0.00000000    0.00000000    0.00000000    0.00000000    0.00000000    0.00000000    0.00000000    0.00000000    0.00000000    0.00000000    0.00000000    0.00000000    0.00000000    0.00000000    0.00000000    0.00000000    0.00000000    0.00000000    0.00000000    0.00000000    0.00000000    0.00000000 
max(|FNEB|)      :   0.00000000    0.00391937    0.00173293    0.00142579    0.00216409    0.00278734    0.00288162    0.00305574    0.00308363    0.00368870    0.00489518    0.00604105    0.00690442    0.00750898    0.00737769    0.00661054    0.00556632    0.00800171    0.01437832    0.00641261    0.00610073    0.00718357    0.00488332    0.00217881    0.00663479    0.00000000 
max(|Force|)     :   0.00957590    0.00464945    0.00165061    0.00197616    0.00460284    0.00840900    0.01048557    0.01021127    0.00764194    0.00369688    0.00488799    0.00917732    0.01602399    0.02310087    0.03140672    0.04325611    0.04954532    0.05270078    0.05058545    0.04739062    0.04036669    0.02744846    0.01451124    0.00967413    0.00953538    0.04081123 
ksp              :   0.01000000    0.01000000    0.01000000    0.01000000    0.02671148    0.04939252    0.07154702    0.08914566    0.09929633    0.10000000    0.10000000    0.09019234    0.07026562    0.03983172    0.01000000    0.01000000    0.01000000    0.01000000    0.01000000    0.01000000    0.01000000    0.01000000    0.01000000    0.01000000    0.01000000 
max(|step|)      :   0.00000000    0.01682785    0.00877714    0.00806957    0.01976818    0.02654701    0.02789926    0.02833635    0.02886847    0.02915201    0.02961590    0.02945064    0.02908604    0.02878618    0.03042547    0.03596143    0.03771320    0.03885840    0.03561212    0.02261111    0.02135076    0.01547273    0.00744363    0.00522017    0.05459650    0.00017558 
angle (deg.)     :    25.5913  21.1276  16.1915  18.9982  15.0295  7.2365  3.2364  2.2773  2.3677  1.6791  1.1973  0.8680  0.4353  0.9233  2.8211  7.4367  6.4856  16.1134  36.7870  18.5452  32.2615  36.0763  8.9434  160.5390 
>
iteration       : 6
climbing        : no
zoom on         : no
nim             : 26
barrier         :   0.00416867 (image: 10) 
distance        :   0.00000000    0.18579033    0.21482781    0.33746384    0.46682692    0.56971025    0.65806722    0.73631091    0.80824677    0.87616845    0.94482991    1.00882258    1.06946426    1.12891555    1.20352960    1.33032550    1.41550250    1.51256220    1.60371679    1.68724927    1.78066034    1.88426674    1.99537984    2.15558486    2.49368570    2.77941875 
energy          : -600.13456430  -600.13523577  -600.13527054  -600.13516408  -600.13461634  -600.13370958  -600.13263144  -600.13162150  -600.13084839  -600.13041677  -600.13039563  -600.13082388  -600.13168406  -600.13299065  -600.13529776  -600.14084441  -600.14555122  -600.15157854  -600.15721819  -600.16128338  -600.16634849  -600.17028279  -600.17263024  -600.17477903  -600.17657868  -600.17332434 
max(|Fr_perp|)   :   0.00000000    0.00320085    0.00198920    0.00117874    0.00107236    0.00119609    0.00152902    0.00197454    0.00241763    0.00282906    0.00322445    0.00353542    0.00381295    0.00403628    0.00472547    0.00597045    0.00673496    0.00690880    0.01098474    0.02228537    0.00712046    0.01066737    0.00792736    0.00328210    0.00488500    0.00000000 
Fr_paral         :   0.00000000    0.00037399    0.00036302   -0.00233303   -0.00667554   -0.01095556   -0.01306824   -0.01222528   -0.00880961   -0.00355583    0.00314732    0.01041347    0.01803289    0.02594320    0.03586131    0.05096066    0.05869552    0.06385106    0.06016241    0.04266748    0.04813159    0.02650249    0.01306199    0.01052446    0.00385776    0.00000000 
max(|Fsp_paral|) :   0.00000000    0.00137772    0.00084899    0.00005785    0.00117736    0.00123056    0.00094679    0.00060356    0.00022427    0.00008773    0.00039032    0.00075260    0.00102247    0.00085333    0.00170240    0.00035167    0.00010092    0.00005100    0.00006693    0.00008227    0.00007600    0.00004758    0.00033905    0.00161069    0.00040860    0.00000000 
max(|Fsp_perp|)  :   0.00000000    0.00000000    0.00000000    0.00000000    0.00000000    0.00000000    0.00000000    0.00000000    0.00000000    0.00000000    0.00000000    0.00000000    0.00000000    0.00000000    0.00000000    0.00000000    0.00000000    0.00000000    0.00000000    0.00000000    0.00000000    0.00000000    0.00000000    0.00000000    0.00000000    0.00000000 
max(|FNEB|)      :   0.00000000    0.00315353    0.00217423    0.00118387    0.00137685    0.00137140    0.00153727    0.00197973    0.00241973    0.00282996    0.00322044    0.00352665    0.00380058    0.00402532    0.00471075    0.00598084    0.00673420    0.00690883    0.01096405    0.02227218    0.00714737    0.01068763    0.00787419    0.00363123    0.00494076    0.00000000 
max(|Force|)     :   0.00957590    0.00321214    0.00206096    0.00206948    0.00461129    0.00807109    0.01022433    0.00993964    0.00734882    0.00303806    0.00325153    0.00893731    0.01556788    0.02248017    0.03120735    0.04441486    0.05063637    0.05385881    0.05088573    0.04189900    0.03270117    0.02007855    0.01470031    0.00955713    0.00495589    0.04081123 
ksp              :   0.01000000    0.01000000    0.01000000    0.01000000    0.02845314    0.05172972    0.07353396    0.09022506    0.09954372    0.10000000    0.10000000    0.09075419    0.07218324    0.04397446    0.01000000    0.01000000    0.01000000    0.01000000    0.01000000    0.01000000    0.01000000    0.01000000    0.01000000    0.01000000    0.01000000 
max(|step|)      :   0.00000000    0.00926410    0.00296247    0.00449435    0.01455720    0.01890321    0.01982259    0.02037657    0.02052906    0.02026157    0.01973000    0.01882313    0.01792563    0.01739973    0.01826180    0.02270582    0.02596799    0.03142153    0.03481274    0.03769816    0.01315701    0.01720868    0.00668781    0.00560593    0.04104885    0.00087207 
angle (deg.)     :    39.3042  24.6239  17.1147  20.4140  15.6023  6.7620  3.1434  2.3372  2.4827  1.6324  1.2049  1.1358  1.1215  1.1951  1.1806  8.1401  9.1716  12.8016  18.9341  47.3659  20.6451  41.2779  6.2630  163.0139 
>
iteration       : 7
climbing        : no
zoom on         : no
nim             : 26
barrier         :   0.00415913 (image: 10) 
distance        :   0.00000000    0.18516365    0.22247714    0.34572046    0.48795668    0.59573704    0.68509429    0.76237326    0.83221272    0.89776030    0.96416134    1.02528443    1.08318786    1.14065218    1.21443887    1.34911818    1.43636094    1.53693438    1.63465401    1.73663712    1.80884481    1.91972695    2.02546263    2.18499196    2.55752599    2.87815015 
energy          : -600.13456430  -600.13515547  -600.13525471  -600.13514543  -600.13454798  -600.13361376  -600.13254233  -600.13156809  -600.13083513  -600.13042992  -600.13040517  -600.13079221  -600.13156960  -600.13277960  -600.13498456  -600.14085749  -600.14570076  -600.15199055  -600.15807302  -600.16366790  -600.16624169  -600.17053237  -600.17278352  -600.17485362  -600.17681057  -600.17332434 
max(|Fr_perp|)   :   0.00000000    0.00533330    0.00260687    0.00195944    0.00121708    0.00076179    0.00052961    0.00046951    0.00048057    0.00055337    0.00086474    0.00123860    0.00169915    0.00222562    0.00290669    0.00364395    0.00552482    0.00292825    0.01108046    0.01074541    0.02023146    0.00604492    0.00636721    0.00303086    0.00406162    0.00000000 
Fr_paral         :   0.00000000   -0.00165932    0.00060617   -0.00215939   -0.00650996   -0.01076880   -0.01284214   -0.01194593   -0.00858802   -0.00354103    0.00293829    0.00987590    0.01717849    0.02490265    0.03495867    0.05158654    0.05890456    0.06422526    0.05964252    0.04908241    0.02936485    0.02804602    0.01295317    0.01014019    0.00263803    0.00000000 
max(|Fsp_paral|) :   0.00000000    0.00126717    0.00077706    0.00020902    0.00132696    0.00113577    0.00078474    0.00045004    0.00015316    0.00010050    0.00044052    0.00067708    0.00084905    0.00060078    0.00189495    0.00039970    0.00011186    0.00002406    0.00003733    0.00024987    0.00030052    0.00003406    0.00033449    0.00192858    0.00037007    0.00000000 
max(|Fsp_perp|)  :   0.00000000    0.00000000    0.00000000    0.00000000    0.00000000    0.00000000    0.00000000    0.00000000    0.00000000    0.00000000    0.00000000    0.00000000    0.00000000    0.00000000    0.00000000    0.00000000    0.00000000    0.00000000    0.00000000    0.00000000    0.00000000    0.00000000    0.00000000    0.00000000    0.00000000    0.00000000 
max(|FNEB|)      :   0.00000000    0.00588892    0.00279934    0.00197553    0.00147124    0.00098834    0.00065356    0.00059123    0.00049604    0.00056104    0.00096400    0.00158380    0.00212300    0.00252505    0.00385588    0.00384520    0.00552122    0.00293853    0.01107964    0.01072931    0.02019527    0.00602466    0.00670171    0.00340320    0.00400119    0.00000000 
max(|Force|)     :   0.00957590    0.00595687    0.00274265    0.00213368    0.00515466    0.00826449    0.01044353    0.01005558    0.00740515    0.00315938    0.00240930    0.00849373    0.01493678    0.02176728    0.03069567    0.04544266    0.05202405    0.05558295    0.05148427    0.04093891    0.02903756    0.01708715    0.01442163    0.00938089    0.00436869    0.04081123 
ksp              :   0.01000000    0.01000000    0.01000000    0.01035309    0.03056895    0.05375377    0.07483541    0.09069611    0.09946449    0.10000000    0.10000000    0.09162489    0.07480277    0.04861933    0.01000000    0.01000000    0.01000000    0.01000000    0.01000000    0.01000000    0.01000000    0.01000000    0.01000000    0.01000000    0.01000000 
max(|step|)      :   0.00000000    0.00540903    0.00426847    0.00157814    0.00761989    0.00859718    0.00901496    0.00949947    0.00904942    0.00808191    0.00636286    0.00564936    0.00639449    0.00683753    0.00834967    0.00874736    0.01093734    0.01293100    0.02511352    0.03690609    0.03308970    0.02049748    0.01661974    0.00897183    0.02389332    0.00147265 
angle (deg.)     :    35.4900  20.4281  16.0771  20.6470  14.8977  6.2334  3.3833  2.6216  2.5085  1.8672  1.4124  1.4408  2.2001  2.1920  1.9649  7.3703  7.2083  16.5120  31.0644  19.7355  31.6340  39.3611  6.6698  163.5509 
>
iteration       : 8
climbing        : no
zoom on         : no
nim             : 26
barrier         :   0.00419362 (image: 10) 
distance        :   0.00000000    0.18257034    0.22362664    0.34506124    0.49516682    0.60424027    0.69297961    0.76894809    0.83707113    0.90139470    0.96572357    1.02493997    1.08126325    1.13844180    1.20920313    1.35081721    1.44136209    1.54132248    1.64405511    1.76169174    1.84323219    1.92974478    2.03096733    2.18192306    2.57075018    2.91190921 
energy          : -600.13456430  -600.13517887  -600.13527411  -600.13514030  -600.13449285  -600.13353089  -600.13246200  -600.13151007  -600.13080445  -600.13040711  -600.13037068  -600.13072162  -600.13144719  -600.13261243  -600.13467458  -600.14080803  -600.14593542  -600.15215925  -600.15869564  -600.16523133  -600.16829174  -600.17067397  -600.17298517  -600.17494901  -600.17695250  -600.17332434 
max(|Fr_perp|)   :   0.00000000    0.00514185    0.00202071    0.00155690    0.00132760    0.00125045    0.00135175    0.00159198    0.00191526    0.00260046    0.00353388    0.00448034    0.00508669    0.00514866    0.00445184    0.00417335    0.00563324    0.00738886    0.00540694    0.00527994    0.01174714    0.01045322    0.00420815    0.00120317    0.00444306    0.00000000 
Fr_paral         :   0.00000000   -0.00166028    0.00039843   -0.00219084   -0.00668198   -0.01090527   -0.01284803   -0.01187396   -0.00856170   -0.00360406    0.00269702    0.00940434    0.01653455    0.02430182    0.03408676    0.05217926    0.06042667    0.06384391    0.06088190    0.04879529    0.03013018    0.02219307    0.01580323    0.01006733    0.00223649    0.00000000 
max(|Fsp_paral|) :   0.00000000    0.00121501    0.00072807    0.00045067    0.00129580    0.00104295    0.00067574    0.00035734    0.00016856    0.00004258    0.00042873    0.00060326    0.00068994    0.00061879    0.00192706    0.00043361    0.00007915    0.00002250    0.00012545    0.00029289    0.00003687    0.00010244    0.00029919    0.00213348    0.00032270    0.00000000 
max(|Fsp_perp|)  :   0.00000000    0.00000000    0.00000000    0.00000000    0.00000000    0.00000000    0.00000000    0.00000000    0.00000000    0.00000000    0.00000000    0.00000000    0.00000000    0.00000000    0.00000000    0.00000000    0.00000000    0.00000000    0.00000000    0.00000000    0.00000000    0.00000000    0.00000000    0.00000000    0.00000000    0.00000000 
max(|FNEB|)      :   0.00000000    0.00565861    0.00204437    0.00159607    0.00154052    0.00141141    0.00143340    0.00162629    0.00192826    0.00259914    0.00354726    0.00449993    0.00510586    0.00516082    0.00447105    0.00439025    0.00559184    0.00737634    0.00540718    0.00529176    0.01174381    0.01044121    0.00450734    0.00224874    0.00440621    0.00000000 
max(|Force|)     :   0.00957590    0.00574812    0.00196807    0.00217940    0.00539764    0.00858446    0.01074682    0.01022385    0.00752481    0.00329080    0.00346326    0.00805188    0.01433135    0.02116315    0.02982399    0.04594312    0.05320871    0.05731283    0.05358240    0.04236428    0.02799879    0.01615983    0.01371510    0.00914469    0.00461597    0.04081123 
ksp              :   0.01000000    0.01000000    0.01000000    0.01153342    0.03217818    0.05511784    0.07554722    0.09069064    0.09921814    0.10000000    0.10000000    0.09246839    0.07689676    0.05188933    0.01000000    0.01000000    0.01000000    0.01000000    0.01000000    0.01000000    0.01000000    0.01000000    0.01000000    0.01000000    0.01000000 
max(|step|)      :   0.00000000    0.01419360    0.00780593    0.00463985    0.00409192    0.00486793    0.00517169    0.00538315    0.00637079    0.00760046    0.00943626    0.01072455    0.01172348    0.01250867    0.01566539    0.01706789    0.01772277    0.01748832    0.01520047    0.01936073    0.02581673    0.01782035    0.01428828    0.00726768    0.00917480    0.00005651 
angle (deg.)     :    14.3250  9.4130  13.5244  19.9244  13.4632  6.3582  4.0611  2.9839  2.5142  2.2367  1.5621  1.6050  2.6016  4.0403  2.1734  5.4229  8.5012  9.6778  25.8522  35.3095  20.7078  25.4449  12.5504  162.6293 
>
iteration       : 9
climbing        : no
zoom on         : no
nim             : 26
barrier         :   0.00416994 (image: 10) 
distance        :   0.00000000    0.17965408    0.21854972    0.33774694    0.48687693    0.59330850    0.68020752    0.75518084    0.82297967    0.88766918    0.95114507    1.01045382    1.06720754    1.12555114    1.19270768    1.33772210    1.43030618    1.52963666    1.63252694    1.75899489    1.84297092    1.93531059    2.02299457    2.16588522    2.54569640    2.88219952 
energy          : -600.13456430  -600.13526844  -600.13527311  -600.13515098  -600.13448183  -600.13352556  -600.13246258  -600.13152199  -600.13081988  -600.13042278  -600.13039436  -600.13074872  -600.13148205  -600.13267475  -600.13461338  -600.14085570  -600.14609808  -600.15232084  -600.15874056  -600.16564644  -600.16899183  -600.17139569  -600.17306820  -600.17499199  -600.17702957  -600.17332434 
max(|Fr_perp|)   :   0.00000000    0.00076953    0.00068465    0.00067824    0.00059495    0.00067103    0.00083061    0.00109199    0.00143372    0.00184798    0.00235016    0.00282504    0.00315095    0.00306700    0.00473334    0.00357797    0.00416925    0.00768852    0.00852298    0.01094346    0.01109451    0.00703090    0.00756701    0.00110014    0.00255608    0.00000000 
Fr_paral         :   0.00000000    0.00064929    0.00009609   -0.00227593   -0.00697949   -0.01111457   -0.01287850   -0.01185150   -0.00853224   -0.00351596    0.00270894    0.00941676    0.01655236    0.02441320    0.03350289    0.05213448    0.06070905    0.06428156    0.06020567    0.04569933    0.03204013    0.02060211    0.01536353    0.01019083    0.00127508    0.00000000 
max(|Fsp_paral|) :   0.00000000    0.00124316    0.00072600    0.00048905    0.00122371    0.00102206    0.00068200    0.00039457    0.00022601    0.00006893    0.00035196    0.00058867    0.00066679    0.00090886    0.00169294    0.00045065    0.00005749    0.00002927    0.00018411    0.00033945    0.00006060    0.00003691    0.00041220    0.00208361    0.00029983    0.00000000 
max(|Fsp_perp|)  :   0.00000000    0.00000000    0.00000000    0.00000000    0.00000000    0.00000000    0.00000000    0.00000000    0.00000000    0.00000000    0.00000000    0.00000000    0.00000000    0.00000000    0.00000000    0.00000000    0.00000000    0.00000000    0.00000000    0.00000000    0.00000000    0.00000000    0.00000000    0.00000000    0.00000000    0.00000000 
max(|FNEB|)      :   0.00000000    0.00118066    0.00072354    0.00091241    0.00120437    0.00081543    0.00086684    0.00108338    0.00142858    0.00184962    0.00235853    0.00283891    0.00316529    0.00308126    0.00479137    0.00359143    0.00416709    0.00768694    0.00870709    0.01097023    0.01108012    0.00704246    0.00739677    0.00209535    0.00284825    0.00000000 
max(|Force|)     :   0.00957590    0.00073773    0.00068274    0.00218743    0.00523741    0.00856628    0.01062184    0.01003298    0.00734835    0.00312090    0.00229578    0.00799317    0.01418855    0.02101269    0.02907651    0.04529754    0.05282641    0.05688666    0.05553563    0.04259932    0.02953956    0.01731586    0.01312413    0.00897413    0.00254323    0.04081123 
ksp              :   0.01000000    0.01000000    0.01000000    0.01178004    0.03241928    0.05536164    0.07566232    0.09081601    0.09938664    0.10000000    0.10000000    0.09235187    0.07652449    0.05078218    0.01000000    0.01000000    0.01000000    0.01000000    0.01000000    0.01000000    0.01000000    0.01000000    0.01000000    0.01000000    0.01000000 
max(|step|)      :   0.00000000    0.00972889    0.00392153    0.00312109    0.00327633    0.00548675    0.00600506    0.00670366    0.00754502    0.00830628    0.00912113    0.00952146    0.00973268    0.01004372    0.01157304    0.01369575    0.01564704    0.01991002    0.02058780    0.01372278    0.01236628    0.01580431    0.00801961    0.00253452    0.00773575    0.00078903 
angle (deg.)     :    6.5833  11.3174  11.8781  19.2540  12.6905  6.9281  4.4885  3.0252  2.4706  2.2541  1.5548  1.5488  1.8588  4.0830  3.4766  2.1022  13.7009  8.6621  16.0563  32.7273  23.6739  20.0413  13.6355  162.1212 
>
iteration       : 10
climbing        : no
zoom on         : no
nim             : 26
barrier         :   0.00416069 (image: 10) 
distance        :   0.00000000    0.17835718    0.21784531    0.33628380    0.48295922    0.58689631    0.67237566    0.74686540    0.81492156    0.88001665    0.94338570    1.00323340    1.06080970    1.11978864    1.18509897    1.33118027    1.42479637    1.52399818    1.62996921    1.75413085    1.83996419    1.93451246    2.02187635    2.16120457    2.52944488    2.85712271 
energy          : -600.13456430  -600.13524641  -600.13528366  -600.13514886  -600.13447673  -600.13352014  -600.13247599  -600.13153783  -600.13082991  -600.13043574  -600.13040361  -600.13076170  -600.13150888  -600.13272005  -600.13461037  -600.14087685  -600.14615558  -600.15241958  -600.15901913  -600.16587728  -600.16914603  -600.17166041  -600.17321697  -600.17502286  -600.17702831  -600.17332434 
max(|Fr_perp|)   :   0.00000000    0.00300959    0.00130685    0.00114047    0.00082732    0.00059236    0.00050073    0.00049551    0.00051449    0.00051799    0.00050971    0.00060907    0.00061380    0.00049353    0.00102756    0.00164111    0.00282659    0.00223325    0.01064335    0.00744425    0.00981387    0.00509053    0.00611376    0.00164025    0.00226772    0.00000000 
Fr_paral         :   0.00000000    0.00147351    0.00013272   -0.00234904   -0.00718403   -0.01122427   -0.01288672   -0.01186641   -0.00854856   -0.00350322    0.00266049    0.00941607    0.01661772    0.02449450    0.03338638    0.05185349    0.06045540    0.06471154    0.06013355    0.04666410    0.03013695    0.02189785    0.01424229    0.00991281    0.00013854    0.00000000 
max(|Fsp_paral|) :   0.00000000    0.00124354    0.00070993    0.00048196    0.00117955    0.00099106    0.00071479    0.00045442    0.00023868    0.00010787    0.00029852    0.00057656    0.00070931    0.00106219    0.00155832    0.00045414    0.00004807    0.00005787    0.00014200    0.00029906    0.00006210    0.00005840    0.00042539    0.00200913    0.00028286    0.00000000 
max(|Fsp_perp|)  :   0.00000000    0.00000000    0.00000000    0.00000000    0.00000000    0.00000000    0.00000000    0.00000000    0.00000000    0.00000000    0.00000000    0.00000000    0.00000000    0.00000000    0.00000000    0.00000000    0.00000000    0.00000000    0.00000000    0.00000000    0.00000000    0.00000000    0.00000000    0.00000000    0.00000000    0.00000000 
max(|FNEB|)      :   0.00000000    0.00267678    0.00152541    0.00138039    0.00142573    0.00120790    0.00095399    0.00054005    0.00048904    0.00052744    0.00053555    0.00064175    0.00077457    0.00121905    0.00185677    0.00165434    0.00282373    0.00225264    0.01061312    0.00760614    0.00979452    0.00505194    0.00591457    0.00220576    0.00218927    0.00000000 
max(|Force|)     :   0.00957590    0.00336274    0.00134359    0.00217599    0.00505722    0.00837317    0.01027201    0.00968799    0.00705630    0.00287585    0.00234151    0.00807865    0.01424236    0.02100817    0.02864194    0.04447294    0.05177794    0.05492500    0.05406940    0.04155307    0.02858492    0.01685067    0.01295897    0.00889697    0.00236433    0.04081123 
ksp              :   0.01000000    0.01000000    0.01000000    0.01189413    0.03258616    0.05517240    0.07546557    0.09077881    0.09930507    0.10000000    0.10000000    0.09225423    0.07609187    0.04989305    0.01000000    0.01000000    0.01000000    0.01000000    0.01000000    0.01000000    0.01000000    0.01000000    0.01000000    0.01000000    0.01000000 
max(|step|)      :   0.00000000    0.00197096    0.00118467    0.00170302    0.00152893    0.00064990    0.00089739    0.00109268    0.00122210    0.00134971    0.00151651    0.00176274    0.00196155    0.00216137    0.00213988    0.00463210    0.00557928    0.00695250    0.01268646    0.01801942    0.01200344    0.00834058    0.01332124    0.00343397    0.00263789    0.00048873 
angle (deg.)     :    5.2893  9.8312  11.8762  19.1339  12.9348  7.4245  4.3839  2.7989  2.3854  1.9628  1.4222  1.3564  0.9540  3.0516  3.9433  2.7802  8.5728  11.0820  14.6789  22.1026  29.6491  4.8838  10.7994  162.6642 
>
iteration       : 11
climbing        : no
zoom on         : no
nim             : 26
barrier         :   0.00417098 (image: 10) 
distance        :   0.00000000    0.17700717    0.21840206    0.33693234    0.48405970    0.58737359    0.67235720    0.74657494    0.81457669    0.87929036    0.94253342    1.00225087    1.05987556    1.11831099    1.18303563    1.33025087    1.42433134    1.52408297    1.63438091    1.74947536    1.84116718    1.93393641    2.02291668    2.16279948    2.52889543    2.85615422 
energy          : -600.13456430  -600.13524503  -600.13528657  -600.13515516  -600.13445919  -600.13351117  -600.13247486  -600.13154243  -600.13082866  -600.13042878  -600.13039332  -600.13074548  -600.13148765  -600.13268742  -600.13454610  -600.14083372  -600.14612459  -600.15237703  -600.15938179  -600.16574364  -600.16940490  -600.17169484  -600.17330100  -600.17506329  -600.17702849  -600.17332434 
max(|Fr_perp|)   :   0.00000000    0.00240034    0.00095041    0.00062371    0.00058055    0.00058516    0.00066327    0.00077435    0.00099651    0.00137799    0.00190368    0.00243738    0.00274733    0.00258010    0.00251103    0.00193828    0.00184858    0.00336739    0.00489462    0.00788946    0.00594962    0.00676741    0.00227855    0.00123887    0.00215902    0.00000000 
Fr_paral         :   0.00000000    0.00145810    0.00011171   -0.00243245   -0.00729262   -0.01125915   -0.01288248   -0.01185209   -0.00853414   -0.00352275    0.00260009    0.00932090    0.01651661    0.02431938    0.03309324    0.05162021    0.06026598    0.06397956    0.06115815    0.04737171    0.03116538    0.01887634    0.01570129    0.00975419   -0.00098542    0.00000000 
max(|Fsp_paral|) :   0.00000000    0.00121213    0.00069382    0.00053289    0.00113310    0.00096594    0.00071286    0.00047485    0.00021749    0.00008260    0.00029879    0.00055315    0.00073928    0.00102945    0.00150026    0.00050976    0.00004891    0.00009177    0.00004031    0.00018276    0.00000769    0.00002784    0.00044651    0.00200831    0.00027249    0.00000000 
max(|Fsp_perp|)  :   0.00000000    0.00000000    0.00000000    0.00000000    0.00000000    0.00000000    0.00000000    0.00000000    0.00000000    0.00000000    0.00000000    0.00000000    0.00000000    0.00000000    0.00000000    0.00000000    0.00000000    0.00000000    0.00000000    0.00000000    0.00000000    0.00000000    0.00000000    0.00000000    0.00000000    0.00000000 
max(|FNEB|)      :   0.00000000    0.00206312    0.00116591    0.00088756    0.00132473    0.00119502    0.00084296    0.00075165    0.00099852    0.00137742    0.00190164    0.00243388    0.00274024    0.00256315    0.00248643    0.00192882    0.00187044    0.00340696    0.00489432    0.00791061    0.00594621    0.00677021    0.00246635    0.00219826    0.00218968    0.00000000 
max(|Force|)     :   0.00957590    0.00276292    0.00098162    0.00216223    0.00505194    0.00830274    0.01007966    0.00950989    0.00691588    0.00279602    0.00237113    0.00807512    0.01422304    0.02090361    0.02845211    0.04413648    0.05125123    0.05381670    0.05066503    0.03916046    0.02485874    0.01622889    0.01303294    0.00884968    0.00223681    0.04081123 
ksp              :   0.01000000    0.01000000    0.01000000    0.01226805    0.03272407    0.05508534    0.07520491    0.09060651    0.09923492    0.10000000    0.10000000    0.09240118    0.07638693    0.05049869    0.01039282    0.01000000    0.01000000    0.01000000    0.01000000    0.01000000    0.01000000    0.01000000    0.01000000    0.01000000    0.01000000 
max(|step|)      :   0.00000000    0.00644534    0.00284792    0.00240577    0.00482388    0.00569417    0.00534168    0.00483107    0.00463732    0.00454915    0.00472642    0.00476642    0.00479440    0.00475751    0.00524808    0.00753257    0.00856348    0.00966358    0.00962465    0.00837531    0.01046840    0.00938724    0.00573357    0.00378433    0.00922015    0.00015918 
angle (deg.)     :    12.2708  6.9183  12.7003  19.4516  13.5447  7.4971  4.0682  2.6119  2.3336  1.7441  1.3130  1.1831  1.0075  2.3098  3.1147  4.3211  4.3777  11.3682  15.0292  18.1997  20.7867  15.3379  8.1744  163.6237 
>
iteration       : 12
climbing        : no
zoom on         : no
nim             : 26
barrier         :   0.00415952 (image: 10) 
distance        :   0.00000000    0.17486144    0.22085209    0.33943297    0.49025840    0.59437060    0.67921989    0.75295974    0.82021904    0.88385641    0.94647403    1.00525985    1.06202368    1.11924696    1.18350427    1.33319485    1.42809750    1.52952629    1.64125112    1.75281547    1.84737960    1.93732652    2.02400460    2.16889878    2.54082700    2.87664453 
energy          : -600.13456430  -600.13526251  -600.13528557  -600.13515480  -600.13444931  -600.13348006  -600.13244257  -600.13151966  -600.13082718  -600.13043904  -600.13040478  -600.13074432  -600.13146398  -600.13261154  -600.13442899  -600.14078893  -600.14612422  -600.15250411  -600.15954016  -600.16567173  -600.16949013  -600.17181029  -600.17330247  -600.17510226  -600.17707221  -600.17332434 
max(|Fr_perp|)   :   0.00000000    0.00049809    0.00033071    0.00038908    0.00035622    0.00037827    0.00045474    0.00058350    0.00073840    0.00091673    0.00112080    0.00130407    0.00145434    0.00160135    0.00200367    0.00164243    0.00409696    0.00275779    0.00645996    0.00469944    0.00329183    0.00518744    0.00471516    0.00033957    0.00118168    0.00000000 
Fr_paral         :   0.00000000    0.00081290    0.00004382   -0.00245623   -0.00734937   -0.01126897   -0.01284836   -0.01177594   -0.00844952   -0.00350439    0.00258185    0.00919514    0.01627657    0.02390254    0.03265339    0.05157861    0.06017626    0.06432753    0.05990577    0.04748937    0.03197880    0.01967431    0.01450807    0.00974155   -0.00138585    0.00000000 
max(|Fsp_paral|) :   0.00000000    0.00113766    0.00065487    0.00060197    0.00115505    0.00093843    0.00067733    0.00042335    0.00017139    0.00004633    0.00032416    0.00052771    0.00072641    0.00090414    0.00122228    0.00084834    0.00005608    0.00008857    0.00000139    0.00013998    0.00003335    0.00002314    0.00049976    0.00203949    0.00026368    0.00000000 
max(|Fsp_perp|)  :   0.00000000    0.00000000    0.00000000    0.00000000    0.00000000    0.00000000    0.00000000    0.00000000    0.00000000    0.00000000    0.00000000    0.00000000    0.00000000    0.00000000    0.00000000    0.00000000    0.00000000    0.00000000    0.00000000    0.00000000    0.00000000    0.00000000    0.00000000    0.00000000    0.00000000    0.00000000 
max(|FNEB|)      :   0.00000000    0.00106104    0.00066586    0.00055190    0.00125517    0.00091538    0.00070072    0.00058914    0.00074058    0.00091617    0.00111683    0.00129753    0.00144500    0.00158957    0.00199099    0.00164533    0.00409666    0.00276162    0.00645990    0.00470361    0.00328490    0.00519032    0.00478240    0.00205194    0.00120821    0.00000000 
max(|Force|)     :   0.00957590    0.00079424    0.00033165    0.00216932    0.00520519    0.00848142    0.01019792    0.00960449    0.00699825    0.00291531    0.00222995    0.00789051    0.01400181    0.02060726    0.02819931    0.04441139    0.05153920    0.05447497    0.04968247    0.03711617    0.02230029    0.01611907    0.01314104    0.00876347    0.00172406    0.04081123 
ksp              :   0.01000000    0.01000000    0.01000000    0.01248796    0.03345985    0.05590805    0.07587725    0.09086048    0.09925875    0.10000000    0.10000000    0.09265334    0.07708206    0.05225200    0.01292778    0.01000000    0.01000000    0.01000000    0.01000000    0.01000000    0.01000000    0.01000000    0.01000000    0.01000000    0.01000000 
max(|step|)      :   0.00000000    0.00281042    0.00123923    0.00101909    0.00419570    0.00464844    0.00433308    0.00411037    0.00394397    0.00374246    0.00353366    0.00326378    0.00332047    0.00362748    0.00393786    0.00449029    0.00617349    0.00871472    0.01077865    0.00698536    0.00314549    0.00879214    0.00649745    0.00355014    0.00826459    0.00038184 
angle (deg.)     :    17.1557  7.4915  13.0345  19.7195  13.7512  7.2830  3.9261  2.6034  2.3172  1.7567  1.3333  1.2642  1.3771  2.2896  1.7646  4.4796  4.7117  10.7020  13.8593  18.1030  14.3627  17.3796  7.1942  164.0899 
>
iteration       : 13
climbing        : no
zoom on         : no
nim             : 26
barrier         :   0.00416165 (image: 10) 
distance        :   0.00000000    0.17300167    0.22336356    0.34172030    0.49595971    0.60061874    0.68519464    0.75835844    0.82481991    0.88762852    0.94949498    1.00742523    1.06336511    1.11986731    1.18359553    1.33515576    1.43166781    1.53384689    1.64586139    1.75918171    1.85250338    1.93941040    2.02447981    2.17102364    2.54796069    2.89176806 
energy          : -600.13456430  -600.13525583  -600.13527791  -600.13514489  -600.13442237  -600.13344458  -600.13241066  -600.13149809  -600.13081880  -600.13043812  -600.13040265  -600.13072912  -600.13142594  -600.13254158  -600.13432037  -600.14073267  -600.14617149  -600.15261763  -600.15971531  -600.16589675  -600.16958786  -600.17184166  -600.17335438  -600.17514088  -600.17709182  -600.17332434 
max(|Fr_perp|)   :   0.00000000    0.00169441    0.00064285    0.00057154    0.00038461    0.00029638    0.00027674    0.00029509    0.00032924    0.00038396    0.00046903    0.00052974    0.00054592    0.00062288    0.00078403    0.00096715    0.00109094    0.00271179    0.00488437    0.00291087    0.00263571    0.00234565    0.00334194    0.00034122    0.00116547    0.00000000 
Fr_paral         :   0.00000000    0.00031696    0.00002318   -0.00245900   -0.00740414   -0.01129901   -0.01283250   -0.01171773   -0.00839811   -0.00350976    0.00252338    0.00903672    0.01601670    0.02355984    0.03229294    0.05165183    0.06048692    0.06464657    0.06025961    0.04699173    0.03185724    0.02099636    0.01467489    0.00959599   -0.00127109    0.00000000 
max(|Fsp_paral|) :   0.00000000    0.00107437    0.00061388    0.00071932    0.00113068    0.00090045    0.00063627    0.00038139    0.00015405    0.00003890    0.00033283    0.00050602    0.00068415    0.00083689    0.00095392    0.00115870    0.00004848    0.00008336    0.00001120    0.00016716    0.00004781    0.00001382    0.00051312    0.00207948    0.00024889    0.00000000 
max(|Fsp_perp|)  :   0.00000000    0.00000000    0.00000000    0.00000000    0.00000000    0.00000000    0.00000000    0.00000000    0.00000000    0.00000000    0.00000000    0.00000000    0.00000000    0.00000000    0.00000000    0.00000000    0.00000000    0.00000000    0.00000000    0.00000000    0.00000000    0.00000000    0.00000000    0.00000000    0.00000000    0.00000000 
max(|FNEB|)      :   0.00000000    0.00206909    0.00064060    0.00065164    0.00113910    0.00070990    0.00050425    0.00032832    0.00034028    0.00038171    0.00054496    0.00069428    0.00083928    0.00100190    0.00121978    0.00150711    0.00109184    0.00271147    0.00488481    0.00285709    0.00262666    0.00234269    0.00339770    0.00208396    0.00115179    0.00000000 
max(|Force|)     :   0.00957590    0.00159758    0.00063715    0.00219301    0.00534053    0.00865275    0.01036032    0.00972399    0.00709819    0.00303178    0.00208496    0.00769209    0.01374725    0.02030977    0.02791708    0.04465121    0.05208485    0.05539321    0.05065649    0.03738748    0.02211997    0.01585434    0.01304636    0.00866561    0.00162617    0.04081123 
ksp              :   0.01000000    0.01000000    0.01000000    0.01306940    0.03421517    0.05657478    0.07631010    0.09100029    0.09923307    0.10000000    0.10000000    0.09293975    0.07787028    0.05374341    0.01527515    0.01000000    0.01000000    0.01000000    0.01000000    0.01000000    0.01000000    0.01000000    0.01000000    0.01000000    0.01000000 
max(|step|)      :   0.00000000    0.00306197    0.00173155    0.00112171    0.00292234    0.00227875    0.00167535    0.00130634    0.00086778    0.00074074    0.00081905    0.00125628    0.00163030    0.00177275    0.00232165    0.00215058    0.00290906    0.00405469    0.00879925    0.01016842    0.00642434    0.00403561    0.00926073    0.00464759    0.00460587    0.00024229 
angle (deg.)     :    14.8646  5.8431  12.6156  19.8123  13.5209  7.0655  3.9735  2.6799  2.2977  1.9043  1.4046  1.3610  1.6579  2.8701  1.6017  4.3191  4.8452  9.6137  14.9655  21.7124  11.2953  12.1985  8.6751  164.1114 
>
iteration       : 14
climbing        : no
zoom on         : no
nim             : 26
barrier         :   0.00416854 (image: 10) 
distance        :   0.00000000    0.17051802    0.22441740    0.34248384    0.49898453    0.60315538    0.68689134    0.75925083    0.82494989    0.88717776    0.94817596    1.00547591    1.06085576    1.11704464    1.18003298    1.33245207    1.43194725    1.53430075    1.64653519    1.76305453    1.85446811    1.94106637    2.02521119    2.17211966    2.54894681    2.89699032 
energy          : -600.13456430  -600.13525398  -600.13527832  -600.13514327  -600.13439735  -600.13340895  -600.13236675  -600.13147021  -600.13080582  -600.13043101  -600.13039576  -600.13071280  -600.13139216  -600.13248816  -600.13421718  -600.14061035  -600.14623022  -600.15268743  -600.15982499  -600.16618384  -600.16973832  -600.17191440  -600.17342098  -600.17519076  -600.17709768  -600.17332434 
max(|Fr_perp|)   :   0.00000000    0.00084166    0.00030323    0.00031139    0.00031515    0.00034748    0.00041739    0.00048860    0.00056271    0.00069239    0.00095233    0.00121550    0.00138721    0.00142350    0.00142352    0.00134319    0.00119753    0.00311491    0.00413402    0.00195101    0.00164049    0.00226077    0.00144809    0.00030182    0.00078849    0.00000000 
Fr_paral         :   0.00000000    0.00065708   -0.00000661   -0.00249535   -0.00753873   -0.01137825   -0.01282348   -0.01166841   -0.00836469   -0.00351990    0.00242113    0.00885066    0.01574448    0.02324010    0.03187859    0.05149321    0.06072270    0.06475813    0.06075436    0.04663674    0.03143773    0.02106723    0.01527435    0.00943375   -0.00136343    0.00000000 
max(|Fsp_paral|) :   0.00000000    0.00102514    0.00057836    0.00081882    0.00108741    0.00087817    0.00059550    0.00035344    0.00015623    0.00006395    0.00031309    0.00048750    0.00064243    0.00082354    0.00067851    0.00143719    0.00002445    0.00008311    0.00003564    0.00020680    0.00003664    0.00001943    0.00053397    0.00207051    0.00022119    0.00000000 
max(|Fsp_perp|)  :   0.00000000    0.00000000    0.00000000    0.00000000    0.00000000    0.00000000    0.00000000    0.00000000    0.00000000    0.00000000    0.00000000    0.00000000    0.00000000    0.00000000    0.00000000    0.00000000    0.00000000    0.00000000    0.00000000    0.00000000    0.00000000    0.00000000    0.00000000    0.00000000    0.00000000    0.00000000 
max(|FNEB|)      :   0.00000000    0.00118219    0.00057743    0.00074413    0.00110078    0.00070529    0.00047993    0.00051912    0.00057386    0.00069366    0.00095853    0.00122519    0.00139911    0.00143707    0.00143418    0.00151155    0.00118586    0.00311201    0.00413305    0.00196031    0.00163517    0.00226285    0.00151859    0.00210057    0.00077960    0.00000000 
max(|Force|)     :   0.00957590    0.00086629    0.00030307    0.00222899    0.00541176    0.00871234    0.01038658    0.00970848    0.00708242    0.00304433    0.00199820    0.00752710    0.01349770    0.02000730    0.02751728    0.04450979    0.05233183    0.05586606    0.05212354    0.03870877    0.02337233    0.01564550    0.01281634    0.00852554    0.00157872    0.04081123 
ksp              :   0.01000000    0.01000000    0.01000000    0.01360454    0.03494427    0.05744580    0.07680235    0.09114671    0.09923901    0.10000000    0.10000000    0.09315515    0.07848745    0.05482453    0.01749438    0.01000000    0.01000000    0.01000000    0.01000000    0.01000000    0.01000000    0.01000000    0.01000000    0.01000000    0.01000000 
max(|step|)      :   0.00000000    0.00350971    0.00133503    0.00114421    0.00146889    0.00121468    0.00111623    0.00153298    0.00193631    0.00229068    0.00267010    0.00290239    0.00308423    0.00328799    0.00365566    0.00473922    0.00434138    0.00516771    0.00442017    0.00205997    0.00261691    0.00429065    0.00214173    0.00296508    0.00197181    0.00010462 
angle (deg.)     :    11.5780  5.2127  12.1068  19.7615  13.2763  7.1032  4.0465  2.6811  2.2696  1.9409  1.4131  1.3506  1.5328  3.0792  2.2169  2.7623  6.1697  7.2913  14.5871  21.8543  14.7259  9.0887  9.1404  163.9621 
>
iteration       : 15
climbing        : no
zoom on         : no
nim             : 26
barrier         :   0.00416911 (image: 10) 
distance        :   0.00000000    0.16892337    0.22449689    0.34269312    0.49924234    0.60245185    0.68538788    0.75726953    0.82271926    0.88477629    0.94540740    1.00260423    1.05795290    1.11411215    1.17688855    1.32854134    1.43032910    1.53263522    1.64560415    1.76143547    1.85314714    1.94045335    2.02571181    2.17354128    2.54583236    2.89238356 
energy          : -600.13456430  -600.13526226  -600.13528289  -600.13514108  -600.13438257  -600.13339345  -600.13237615  -600.13148296  -600.13081760  -600.13044245  -600.13039519  -600.13070964  -600.13138232  -600.13246857  -600.13418724  -600.14051586  -600.14624187  -600.15271378  -600.15987889  -600.16621244  -600.16977502  -600.17197376  -600.17345431  -600.17521571  -600.17710160  -600.17332434 
max(|Fr_perp|)   :   0.00000000    0.00040387    0.00020172    0.00025731    0.00024847    0.00021637    0.00021503    0.00022325    0.00024192    0.00025601    0.00030543    0.00034439    0.00039441    0.00048991    0.00060257    0.00080356    0.00130876    0.00125289    0.00304564    0.00183434    0.00141229    0.00105799    0.00144272    0.00028955    0.00038155    0.00000000 
Fr_paral         :   0.00000000    0.00110229   -0.00001790   -0.00254449   -0.00764429   -0.01144068   -0.01283233   -0.01165481   -0.00835090   -0.00351714    0.00236755    0.00877428    0.01564421    0.02311027    0.03170298    0.05120000    0.06067418    0.06480496    0.06085093    0.04673469    0.03128330    0.02087138    0.01507874    0.00934070   -0.00165761    0.00000000 
max(|Fsp_paral|) :   0.00000000    0.00100209    0.00056320    0.00085941    0.00104680    0.00083028    0.00060037    0.00036768    0.00016229    0.00006713    0.00029112    0.00047906    0.00063550    0.00081969    0.00061898    0.00149373    0.00000444    0.00009053    0.00002362    0.00019578    0.00003325    0.00001601    0.00054387    0.00202128    0.00019920    0.00000000 
max(|Fsp_perp|)  :   0.00000000    0.00000000    0.00000000    0.00000000    0.00000000    0.00000000    0.00000000    0.00000000    0.00000000    0.00000000    0.00000000    0.00000000    0.00000000    0.00000000    0.00000000    0.00000000    0.00000000    0.00000000    0.00000000    0.00000000    0.00000000    0.00000000    0.00000000    0.00000000    0.00000000    0.00000000 
max(|FNEB|)      :   0.00000000    0.00116227    0.00053147    0.00080264    0.00112892    0.00075037    0.00053743    0.00034125    0.00025375    0.00025709    0.00032975    0.00048324    0.00065267    0.00085313    0.00067762    0.00151381    0.00130866    0.00124649    0.00304323    0.00191365    0.00141821    0.00105953    0.00145064    0.00204864    0.00051670    0.00000000 
max(|Force|)     :   0.00957590    0.00081432    0.00019694    0.00224864    0.00539451    0.00866698    0.01029046    0.00959329    0.00697874    0.00296859    0.00201453    0.00749470    0.01341861    0.01987854    0.02731412    0.04410931    0.05212235    0.05535094    0.05208034    0.03897579    0.02385166    0.01567549    0.01273264    0.00843866    0.00160030    0.04081123 
ksp              :   0.01000000    0.01000000    0.01000000    0.01392304    0.03527545    0.05723642    0.07651794    0.09088133    0.09897982    0.10000000    0.10000000    0.09321182    0.07869048    0.05524126    0.01813976    0.01000000    0.01000000    0.01000000    0.01000000    0.01000000    0.01000000    0.01000000    0.01000000    0.01000000    0.01000000 
max(|step|)      :   0.00000000    0.00195363    0.00103917    0.00134309    0.00197907    0.00148813    0.00124848    0.00144208    0.00184892    0.00220244    0.00246305    0.00259497    0.00267896    0.00281969    0.00285045    0.00412809    0.00360235    0.00509648    0.00694235    0.00656189    0.00131911    0.00332089    0.00368519    0.00404407    0.00120904    0.00013641 
angle (deg.)     :    10.4054  5.3389  11.8052  19.7792  13.1882  7.2149  4.0159  2.5972  2.2204  1.8691  1.3689  1.2806  1.2376  2.9401  2.8671  1.4491  6.0947  7.4548  12.8993  19.2584  21.2799  8.0153  8.3866  163.9631 
>
iteration       : 16
climbing        : no
zoom on         : no
nim             : 26
barrier         :   0.00417078 (image: 10) 
distance        :   0.00000000    0.16673376    0.22534718    0.34407654    0.50088923    0.60299675    0.68502010    0.75630212    0.82139511    0.88306816    0.94325140    1.00022022    1.05543964    1.11132287    1.17416695    1.32433717    1.42925751    1.53181056    1.64615767    1.75903648    1.85260372    1.94050515    2.02801628    2.17876415    2.54550726    2.89066914 
energy          : -600.13456430  -600.13525196  -600.13529214  -600.13513163  -600.13436403  -600.13337275  -600.13235783  -600.13147106  -600.13081011  -600.13043672  -600.13039352  -600.13070107  -600.13136794  -600.13243893  -600.13414659  -600.14036418  -600.14623777  -600.15271152  -600.15997700  -600.16614214  -600.16979803  -600.17199553  -600.17349435  -600.17525569  -600.17709837  -600.17332434 
max(|Fr_perp|)   :   0.00000000    0.00101780    0.00037636    0.00025613    0.00027442    0.00022260    0.00021468    0.00025837    0.00033672    0.00046304    0.00063895    0.00082474    0.00092967    0.00089877    0.00084854    0.00053707    0.00051165    0.00125173    0.00118427    0.00114892    0.00156048    0.00156430    0.00101555    0.00021821    0.00066514    0.00000000 
Fr_paral         :   0.00000000    0.00132088   -0.00003268   -0.00261944   -0.00778832   -0.01151201   -0.01283900   -0.01163545   -0.00833776   -0.00353355    0.00228933    0.00865323    0.01548377    0.02289163    0.03146414    0.05074248    0.06055426    0.06460071    0.06079402    0.04709878    0.03110854    0.01999950    0.01483641    0.00920102   -0.00202249    0.00000000 
max(|Fsp_paral|) :   0.00000000    0.00095794    0.00053997    0.00090992    0.00099864    0.00081015    0.00059472    0.00037273    0.00015529    0.00007750    0.00027257    0.00046266    0.00063721    0.00077729    0.00056540    0.00155861    0.00002034    0.00010117    0.00001230    0.00015516    0.00004187    0.00000290    0.00055621    0.00195094    0.00016915    0.00000000 
max(|Fsp_perp|)  :   0.00000000    0.00000000    0.00000000    0.00000000    0.00000000    0.00000000    0.00000000    0.00000000    0.00000000    0.00000000    0.00000000    0.00000000    0.00000000    0.00000000    0.00000000    0.00000000    0.00000000    0.00000000    0.00000000    0.00000000    0.00000000    0.00000000    0.00000000    0.00000000    0.00000000    0.00000000 
max(|FNEB|)      :   0.00000000    0.00131412    0.00054214    0.00089126    0.00115612    0.00081203    0.00066496    0.00047660    0.00033878    0.00046209    0.00063562    0.00081927    0.00092137    0.00088695    0.00083959    0.00175242    0.00050228    0.00125372    0.00118521    0.00121473    0.00157080    0.00156501    0.00124836    0.00196921    0.00067503    0.00000000 
max(|Force|)     :   0.00957590    0.00136897    0.00036734    0.00227041    0.00539535    0.00864082    0.01017649    0.00946156    0.00686903    0.00290461    0.00201252    0.00743600    0.01330482    0.01969402    0.02709276    0.04359569    0.05178561    0.05471142    0.05091848    0.03844227    0.02339383    0.01577714    0.01271702    0.00832895    0.00162137    0.04081123 
ksp              :   0.01000000    0.01000000    0.01000000    0.01432152    0.03571215    0.05761282    0.07674818    0.09101060    0.09906795    0.10000000    0.10000000    0.09336367    0.07897331    0.05586272    0.01901372    0.01000000    0.01000000    0.01000000    0.01000000    0.01000000    0.01000000    0.01000000    0.01000000    0.01000000    0.01000000 
max(|step|)      :   0.00000000    0.00328807    0.00150180    0.00229089    0.00381931    0.00299174    0.00197466    0.00123618    0.00078558    0.00057387    0.00088264    0.00153953    0.00214957    0.00275663    0.00251062    0.00429120    0.00120793    0.00146943    0.00198978    0.00232884    0.00272274    0.00185237    0.00273888    0.00572593    0.00318775    0.00006457 
angle (deg.)     :    12.0817  5.0460  11.9546  20.0742  13.2756  7.0918  3.8306  2.4917  2.1595  1.7955  1.3243  1.2449  1.2127  2.7464  2.7849  1.9167  4.5711  8.2183  13.0802  17.7084  20.1615  11.6902  7.3561  164.1906 
>
iteration       : 17
climbing        : no
zoom on         : no
nim             : 26
barrier         :   0.00417452 (image: 10) 
distance        :   0.00000000    0.16364299    0.22745544    0.34710232    0.50579177    0.60727215    0.68835285    0.75877118    0.82305848    0.88384793    0.94324561    0.99949673    1.05405942    1.10929604    1.17250176    1.32077470    1.43017343    1.53358641    1.64859983    1.75970474    1.85466060    1.94208704    2.03034594    2.18584601    2.54982723    2.89802222 
energy          : -600.13456430  -600.13526243  -600.13528030  -600.13512312  -600.13432763  -600.13333476  -600.13232980  -600.13144512  -600.13080077  -600.13044119  -600.13038978  -600.13069459  -600.13133875  -600.13237952  -600.13406665  -600.14014041  -600.14624240  -600.15277335  -600.16006816  -600.16612792  -600.16983708  -600.17202416  -600.17352332  -600.17531463  -600.17710330  -600.17332434 
max(|Fr_perp|)   :   0.00000000    0.00042698    0.00015367    0.00018065    0.00022140    0.00021393    0.00021738    0.00026949    0.00034170    0.00043941    0.00057076    0.00069971    0.00078622    0.00074847    0.00099823    0.00056485    0.00067822    0.00138093    0.00174125    0.00059989    0.00090272    0.00133371    0.00092999    0.00021481    0.00044687    0.00000000 
Fr_paral         :   0.00000000    0.00121856   -0.00007297   -0.00270153   -0.00793417   -0.01158943   -0.01282580   -0.01157127   -0.00828768   -0.00355224    0.00218528    0.00845974    0.01519311    0.02250114    0.03111427    0.05023371    0.06054192    0.06462774    0.06051790    0.04711696    0.03115980    0.01988699    0.01454893    0.00901951   -0.00209478    0.00000000 
max(|Fsp_paral|) :   0.00000000    0.00088114    0.00050119    0.00103103    0.00092785    0.00076278    0.00057848    0.00034526    0.00012755    0.00006078    0.00026673    0.00045029    0.00060394    0.00067472    0.00046158    0.00170640    0.00005142    0.00009937    0.00003306    0.00013090    0.00005515    0.00000607    0.00058497    0.00188927    0.00012610    0.00000000 
max(|Fsp_perp|)  :   0.00000000    0.00000000    0.00000000    0.00000000    0.00000000    0.00000000    0.00000000    0.00000000    0.00000000    0.00000000    0.00000000    0.00000000    0.00000000    0.00000000    0.00000000    0.00000000    0.00000000    0.00000000    0.00000000    0.00000000    0.00000000    0.00000000    0.00000000    0.00000000    0.00000000    0.00000000 
max(|FNEB|)      :   0.00000000    0.00106157    0.00047661    0.00103794    0.00106995    0.00076363    0.00065840    0.00044227    0.00034344    0.00043862    0.00056730    0.00069395    0.00077809    0.00073807    0.00099255    0.00179365    0.00067747    0.00138196    0.00173835    0.00058094    0.00091743    0.00133203    0.00104034    0.00189274    0.00045249    0.00000000 
max(|Force|)     :   0.00957590    0.00089510    0.00015193    0.00231398    0.00548497    0.00873494    0.01018475    0.00942736    0.00684648    0.00293853    0.00190611    0.00726141    0.01305669    0.01937017    0.02681892    0.04321464    0.05180669    0.05478000    0.05045006    0.03790835    0.02280225    0.01571911    0.01268190    0.00817702    0.00158602    0.04081123 
ksp              :   0.01000000    0.01000000    0.01000000    0.01510244    0.03650814    0.05817426    0.07724738    0.09113921    0.09889153    0.10000000    0.10000000    0.09342846    0.07954079    0.05710248    0.02072897    0.01000000    0.01000000    0.01000000    0.01000000    0.01000000    0.01000000    0.01000000    0.01000000    0.01000000    0.01000000 
max(|step|)      :   0.00000000    0.01112338    0.00543248    0.00856662    0.01350172    0.01044008    0.00696770    0.00457855    0.00306547    0.00190122    0.00317699    0.00550362    0.00758397    0.00935559    0.00843694    0.01523022    0.00425629    0.00625995    0.00591491    0.00268528    0.00778193    0.00703691    0.00710782    0.02032553    0.01170495    0.00079598 
angle (deg.)     :    16.7959  5.4070  12.4106  21.2274  13.3748  6.3940  3.2454  2.2281  1.9611  1.6954  1.2567  1.2145  1.4291  2.3401  2.4331  4.1230  3.7589  10.0362  14.7241  16.1152  14.5900  20.6534  5.8392  164.7426 
>
iteration       : 18
climbing        : no
zoom on         : no
nim             : 26
barrier         :   0.00417985 (image: 10) 
distance        :   0.00000000    0.15307009    0.23508563    0.35845822    0.52334809    0.62271227    0.70057943    0.76781451    0.82912742    0.88692905    0.94339776    0.99702494    1.04926183    1.10253823    1.16693175    1.30772377    1.43378647    1.54013560    1.65671102    1.76543863    1.86309103    1.94910179    2.03991932    2.21072023    2.56551665    2.92529319 
energy          : -600.13456430  -600.13524096  -600.13528618  -600.13510386  -600.13420582  -600.13319185  -600.13221852  -600.13139338  -600.13078581  -600.13044477  -600.13038445  -600.13063670  -600.13120987  -600.13214672  -600.13378889  -600.13933254  -600.14626863  -600.15299171  -600.16036514  -600.16623046  -600.16998185  -600.17212037  -600.17364344  -600.17550938  -600.17712192  -600.17332434 
max(|Fr_perp|)   :   0.00000000    0.00097555    0.00046773    0.00049806    0.00024168    0.00025774    0.00035181    0.00028669    0.00024388    0.00024921    0.00030734    0.00035492    0.00041048    0.00032403    0.00050949    0.00049674    0.00083998    0.00199857    0.00286759    0.00232875    0.00204284    0.00152234    0.00147054    0.00039377    0.00096686    0.00000000 
Fr_paral         :   0.00000000    0.00084066   -0.00019991   -0.00298503   -0.00843899   -0.01184348   -0.01277953   -0.01137628   -0.00813158   -0.00359997    0.00183607    0.00775979    0.01413779    0.02113417    0.02992020    0.04838590    0.06061235    0.06477048    0.05983640    0.04659377    0.03080921    0.02005951    0.01363603    0.00837261   -0.00201955    0.00000000 
max(|Fsp_paral|) :   0.00000000    0.00061883    0.00037105    0.00144607    0.00069931    0.00059860    0.00044487    0.00027951    0.00008676    0.00004923    0.00024062    0.00036025    0.00047871    0.00033042    0.00020415    0.00214714    0.00016897    0.00008671    0.00006685    0.00009127    0.00008449    0.00003518    0.00066490    0.00167500    0.00004157    0.00000000 
max(|Fsp_perp|)  :   0.00000000    0.00000000    0.00000000    0.00000000    0.00000000    0.00000000    0.00000000    0.00000000    0.00000000    0.00000000    0.00000000    0.00000000    0.00000000    0.00000000    0.00000000    0.00000000    0.00000000    0.00000000    0.00000000    0.00000000    0.00000000    0.00000000    0.00000000    0.00000000    0.00000000    0.00000000 
max(|FNEB|)      :   0.00000000    0.00118846    0.00038615    0.00150969    0.00073708    0.00060506    0.00049389    0.00029633    0.00021681    0.00026217    0.00035865    0.00042965    0.00050036    0.00047197    0.00051320    0.00194658    0.00083805    0.00199565    0.00286459    0.00229818    0.00202533    0.00149391    0.00176957    0.00168948    0.00094224    0.00000000 
max(|Force|)     :   0.00957590    0.00113399    0.00052176    0.00249373    0.00581479    0.00906310    0.01026486    0.00937601    0.00681194    0.00305661    0.00154407    0.00662297    0.01213546    0.01820353    0.02583964    0.04179117    0.05208699    0.05538563    0.05010858    0.03721377    0.02174470    0.01538869    0.01244026    0.00763647    0.00196500    0.04081123 
ksp              :   0.01000000    0.01000000    0.01000000    0.01771865    0.03955135    0.06050908    0.07827599    0.09135802    0.09870127    0.10000000    0.10000000    0.09456872    0.08222720    0.06205511    0.02669597    0.01000000    0.01000000    0.01000000    0.01000000    0.01000000    0.01000000    0.01000000    0.01000000    0.01000000    0.01000000 
max(|step|)      :   0.00000000    0.00904066    0.00499819    0.00886010    0.01136981    0.00785183    0.00575104    0.00373789    0.00176445    0.00165946    0.00281125    0.00472865    0.00643907    0.00745601    0.00676748    0.01438132    0.00132409    0.00252712    0.00392420    0.00308991    0.00493206    0.00670652    0.00851128    0.01892947    0.00836076    0.00068584 
angle (deg.)     :    18.5108  5.7898  12.6419  22.3748  13.0146  5.6128  2.8499  2.0591  1.8160  1.6789  1.2081  1.2142  1.6245  2.3651  2.4534  4.6830  3.2813  9.7903  16.1659  16.8428  12.4035  23.4614  6.1314  164.9052 
>
iteration       : 19
climbing        : no
zoom on         : no
nim             : 26
barrier         :   0.00418540 (image: 10) 
distance        :   0.00000000    0.14380304    0.24138533    0.36947982    0.53809123    0.63511739    0.70991326    0.77429107    0.83290589    0.88812848    0.94192370    0.99332249    1.04358408    1.09569113    1.16087273    1.29286790    1.43571970    1.54461518    1.66274656    1.77038798    1.86988354    1.95540827    2.05005368    2.23217509    2.57581504    2.94409353 
energy          : -600.13456430  -600.13522595  -600.13528443  -600.13507227  -600.13408913  -600.13306156  -600.13212069  -600.13134014  -600.13076991  -600.13044153  -600.13037890  -600.13059969  -600.13110488  -600.13197078  -600.13356098  -600.13854821  -600.14628336  -600.15318025  -600.16065005  -600.16641436  -600.17015160  -600.17222655  -600.17377783  -600.17567703  -600.17712264  -600.17332434 
max(|Fr_perp|)   :   0.00000000    0.00117008    0.00056013    0.00059214    0.00030219    0.00047856    0.00047924    0.00034431    0.00036804    0.00044718    0.00062276    0.00085066    0.00096247    0.00104902    0.00053337    0.00098523    0.00085585    0.00148888    0.00205194    0.00193698    0.00259897    0.00206600    0.00190196    0.00027977    0.00138124    0.00000000 
Fr_paral         :   0.00000000    0.00083285   -0.00030899   -0.00328355   -0.00889623   -0.01205816   -0.01272266   -0.01119286   -0.00799964   -0.00366034    0.00150027    0.00712268    0.01320272    0.01998854    0.02887641    0.04641624    0.06068238    0.06485636    0.05969013    0.04602686    0.03005606    0.01983835    0.01302451    0.00781218   -0.00189233    0.00000000 
max(|Fsp_paral|) :   0.00000000    0.00039943    0.00027315    0.00181454    0.00047130    0.00044455    0.00034813    0.00021637    0.00006634    0.00005777    0.00020289    0.00030014    0.00033394    0.00009469    0.00010258    0.00235340    0.00029077    0.00007800    0.00008878    0.00006725    0.00010091    0.00006903    0.00071446    0.00147138    0.00021036    0.00000000 
max(|Fsp_perp|)  :   0.00000000    0.00000000    0.00000000    0.00000000    0.00000000    0.00000000    0.00000000    0.00000000    0.00000000    0.00000000    0.00000000    0.00000000    0.00000000    0.00000000    0.00000000    0.00000000    0.00000000    0.00000000    0.00000000    0.00000000    0.00000000    0.00000000    0.00000000    0.00000000    0.00000000    0.00000000 
max(|FNEB|)      :   0.00000000    0.00131156    0.00047632    0.00192057    0.00038835    0.00051360    0.00039847    0.00033892    0.00037354    0.00044320    0.00062667    0.00085647    0.00096826    0.00105061    0.00053074    0.00208811    0.00085412    0.00148410    0.00204747    0.00191490    0.00257955    0.00205840    0.00218394    0.00149698    0.00133655    0.00000000 
max(|Force|)     :   0.00957590    0.00127850    0.00064501    0.00269386    0.00617469    0.00929227    0.01027552    0.00926872    0.00673298    0.00312991    0.00124055    0.00606334    0.01132085    0.01721303    0.02492475    0.04014442    0.05223455    0.05564760    0.05026435    0.03708573    0.02131010    0.01510151    0.01210720    0.00714223    0.00224344    0.04081123 
ksp              :   0.01000000    0.01000000    0.01000000    0.02021768    0.04231381    0.06254578    0.07933013    0.09159190    0.09865313    0.10000000    0.10000000    0.09525224    0.08438904    0.06576931    0.03157463    0.01000000    0.01000000    0.01000000    0.01000000    0.01000000    0.01000000    0.01000000    0.01000000    0.01000000    0.01000000 
max(|step|)      :   0.00000000    0.02954419    0.01722370    0.03323708    0.03683297    0.02568323    0.01984166    0.01270952    0.00578193    0.00541291    0.00939923    0.01570110    0.02105966    0.02370899    0.02191984    0.05114308    0.00441259    0.00806354    0.00999000    0.00777113    0.01463277    0.02194627    0.03339978    0.06602627    0.02312889    0.00246969 
angle (deg.)     :    22.6291  7.4749  13.7207  27.2314  11.1320  2.7432  1.7143  1.4444  1.2453  1.6669  1.0953  1.2594  1.8240  2.0689  3.0287  4.5464  4.4684  7.8199  18.9387  20.7788  11.9898  25.5774  9.4730  164.4094 
>
iteration       : 20
climbing        : no
zoom on         : no
nim             : 26
barrier         :   0.00419368 (image: 10) 
distance        :   0.00000000    0.11266198    0.26227701    0.41024114    0.58692282    0.67607488    0.74047910    0.79510863    0.84461857    0.89113856    0.93590729    0.97992653    1.02394669    1.07295783    1.14014325    1.23788071    1.44131876    1.55937906    1.68261897    1.78697832    1.89311146    1.98049381    2.08989229    2.30770926    2.60679166    2.99920381 
energy          : -600.13456430  -600.13517754  -600.13527613  -600.13492741  -600.13366159  -600.13262219  -600.13180544  -600.13117158  -600.13072109  -600.13045273  -600.13037062  -600.13048325  -600.13082084  -600.13146690  -600.13286121  -600.13598541  -600.14631602  -600.15381772  -600.16154218  -600.16698706  -600.17072795  -600.17263549  -600.17424366  -600.17617239  -600.17711299  -600.17332434 
max(|Fr_perp|)   :   0.00000000    0.00060349    0.00031538    0.00052821    0.00092168    0.00140098    0.00082150    0.00043646    0.00059565    0.00082202    0.00108136    0.00134719    0.00151199    0.00159433    0.00164722    0.00114342    0.00081439    0.00165428    0.00191144    0.00091341    0.00132441    0.00267845    0.00268442    0.00078555    0.00248674    0.00000000 
Fr_paral         :   0.00000000    0.00142482   -0.00068702   -0.00445590   -0.01024688   -0.01247829   -0.01233156   -0.01050364   -0.00755613   -0.00385877    0.00035437    0.00501329    0.01013261    0.01629946    0.02531147    0.03865665    0.06084654    0.06500224    0.05879487    0.04444157    0.02753436    0.01842090    0.01110729    0.00605563   -0.00146172    0.00000000 
max(|Fsp_paral|) :   0.00000000    0.00031071    0.00001464    0.00309454    0.00043084    0.00012169    0.00005505    0.00004556    0.00000721    0.00007866    0.00006352    0.00009052    0.00011285    0.00060982    0.00050657    0.00216644    0.00073063    0.00004361    0.00015612    0.00001446    0.00013282    0.00018151    0.00087960    0.00074071    0.00082409    0.00000000 
max(|Fsp_perp|)  :   0.00000000    0.00000000    0.00000000    0.00000000    0.00000000    0.00000000    0.00000000    0.00000000    0.00000000    0.00000000    0.00000000    0.00000000    0.00000000    0.00000000    0.00000000    0.00000000    0.00000000    0.00000000    0.00000000    0.00000000    0.00000000    0.00000000    0.00000000    0.00000000    0.00000000    0.00000000 
max(|FNEB|)      :   0.00000000    0.00077924    0.00032033    0.00332291    0.00126129    0.00146760    0.00079341    0.00043566    0.00059579    0.00082361    0.00108264    0.00134903    0.00150994    0.00158438    0.00165509    0.00208888    0.00091854    0.00165179    0.00198496    0.00091190    0.00131168    0.00264749    0.00276263    0.00075460    0.00245298    0.00000000 
max(|Force|)     :   0.00957590    0.00166655    0.00061593    0.00348833    0.00712073    0.00971660    0.01001943    0.00872507    0.00636915    0.00329500    0.00107528    0.00425509    0.00866274    0.01399519    0.02180604    0.03337288    0.05241365    0.05589588    0.05031143    0.03677243    0.01986724    0.01422236    0.01089435    0.00553339    0.00260836    0.04081123 
ksp              :   0.01000000    0.01000000    0.01000000    0.02937284    0.05167944    0.06920759    0.08281073    0.09247866    0.09823774    0.10000000    0.10000000    0.09758288    0.09033787    0.07647291    0.04654987    0.01000000    0.01000000    0.01000000    0.01000000    0.01000000    0.01000000    0.01000000    0.01000000    0.01000000    0.01000000 
max(|step|)      :   0.00000000    0.02356775    0.01463660    0.03903180    0.02556896    0.02308796    0.01788676    0.01126016    0.00476988    0.00515492    0.00813362    0.01305237    0.01677887    0.01736586    0.01995474    0.04982767    0.00603708    0.00814224    0.01110443    0.00601830    0.01053457    0.01846693    0.03652390    0.05859719    0.01150881    0.00196600 
angle (deg.)     :    26.8264  9.1980  16.5224  31.3047  7.0843  2.2913  1.3071  1.1738  0.9069  1.6793  1.0428  1.5524  3.8856  8.4465  7.2943  3.9545  7.6937  8.1479  19.0148  23.6857  12.9678  18.4510  12.1851  163.4598 
>
iteration       : 21
climbing        : no
zoom on         : no
nim             : 26
barrier         :   0.00419125 (image: 10) 
distance        :   0.00000000    0.08777531    0.28007733    0.45768247    0.62470662    0.70896308    0.76568518    0.81197769    0.85361891    0.89273391    0.93006333    0.96789586    1.00759573    1.05595556    1.12013115    1.18351971    1.44310270    1.57184931    1.70010474    1.79882803    1.91147233    2.00549209    2.13035122    2.37248765    2.62070194    3.02553821 
energy          : -600.13456430  -600.13512452  -600.13526244  -600.13470178  -600.13327006  -600.13225328  -600.13155089  -600.13104113  -600.13068803  -600.13046195  -600.13037305  -600.13042392  -600.13063552  -600.13114791  -600.13229247  -600.13394051  -600.14615626  -600.15433463  -600.16230744  -600.16733620  -600.17113918  -600.17302701  -600.17469219  -600.17651500  -600.17713438  -600.17332434 
max(|Fr_perp|)   :   0.00000000    0.00052642    0.00039501    0.00067653    0.00216102    0.00183087    0.00068332    0.00032039    0.00038405    0.00036971    0.00047321    0.00049153    0.00050743    0.00131872    0.00212698    0.00626929    0.00098816    0.00409954    0.00324999    0.00193510    0.00118394    0.00241411    0.00293245    0.00104133    0.00199255    0.00000000 
Fr_paral         :   0.00000000    0.00229888   -0.00100831   -0.00587176   -0.01100867   -0.01253853   -0.01181084   -0.00985799   -0.00719971   -0.00405820   -0.00060578    0.00327806    0.00773042    0.01359197    0.02192932    0.03000305    0.06070561    0.06489340    0.05756360    0.04351331    0.02565003    0.01685849    0.01016310    0.00466418   -0.00121069    0.00000000 
max(|Fsp_paral|) :   0.00000000    0.00084741    0.00012923    0.00363671    0.00102060    0.00065180    0.00022654    0.00006898    0.00003832    0.00008761    0.00004267    0.00012198    0.00054412    0.00067463    0.00139829    0.00201054    0.00410430    0.00000415    0.00024146    0.00011167    0.00012989    0.00026232    0.00100326    0.00005537    0.00139475    0.00000000 
max(|Fsp_perp|)  :   0.00000000    0.00000000    0.00000000    0.00000000    0.00000000    0.00000000    0.00000000    0.00000000    0.00000000    0.00000000    0.00000000    0.00000000    0.00000000    0.00000000    0.00000000    0.00000000    0.00000000    0.00000000    0.00000000    0.00000000    0.00000000    0.00000000    0.00000000    0.00000000    0.00000000    0.00000000 
max(|FNEB|)      :   0.00000000    0.00092659    0.00041047    0.00389268    0.00276674    0.00213055    0.00079235    0.00032135    0.00038454    0.00037113    0.00047258    0.00048982    0.00053360    0.00129933    0.00216644    0.00605683    0.00399939    0.00409961    0.00328218    0.00192026    0.00121272    0.00240393    0.00261243    0.00102848    0.00190794    0.00000000 
max(|Force|)     :   0.00957590    0.00194290    0.00093199    0.00445162    0.00792231    0.00995239    0.00964548    0.00818471    0.00604153    0.00343461    0.00051543    0.00277772    0.00658584    0.01165433    0.01886695    0.02640325    0.05217021    0.05552035    0.04929916    0.03630087    0.01858024    0.01352784    0.00973245    0.00429323    0.00205795    0.04081123 
ksp              :   0.01000000    0.01000000    0.01000000    0.03779155    0.05962528    0.07470805    0.08565413    0.09323648    0.09809120    0.10000000    0.10000000    0.09890785    0.09436409    0.08336121    0.05878382    0.02339475    0.01000000    0.01000000    0.01000000    0.01000000    0.01000000    0.01000000    0.01000000    0.01000000    0.01000000 
max(|step|)      :   0.00000000    0.00119042    0.00195044    0.02029197    0.00541031    0.00688145    0.00426023    0.00320599    0.00309720    0.00322932    0.00338324    0.00345958    0.00298279    0.00234826    0.00601499    0.00973070    0.01080616    0.00347568    0.00428446    0.00308942    0.00292952    0.00473700    0.01465168    0.01081070    0.00884842    0.00009116 
angle (deg.)     :    25.2621  9.9876  20.1057  27.8280  3.5804  1.9398  1.6329  1.4449  1.2981  1.5744  1.0519  1.2367  3.5018  12.1821  11.5833  3.8025  7.6653  7.8764  19.4587  23.4242  13.8994  8.7220  9.7340  164.5277 
>
iteration       : 22
climbing        : no
zoom on         : no
nim             : 26
barrier         :   0.00419098 (image: 10) 
distance        :   0.00000000    0.08608475    0.28155406    0.48075517    0.62228497    0.70636796    0.76328439    0.80865132    0.84904949    0.88701640    0.92365890    0.96092944    1.00153892    1.05131563    1.10793604    1.17340441    1.42547746    1.56899966    1.69821877    1.79404469    1.90804528    2.00779320    2.14008298    2.37831522    2.60250967    2.99884060 
energy          : -600.13456430  -600.13511758  -600.13525647  -600.13456040  -600.13326956  -600.13222993  -600.13152174  -600.13102749  -600.13067935  -600.13046289  -600.13037332  -600.13041522  -600.13062981  -600.13116583  -600.13211369  -600.13374252  -600.14532536  -600.15441493  -600.16243070  -600.16730502  -600.17114224  -600.17313198  -600.17486035  -600.17658450  -600.17716869  -600.17332434 
max(|Fr_perp|)   :   0.00000000    0.00097389    0.00034835    0.00045585    0.00181462    0.00062214    0.00020581    0.00022925    0.00029322    0.00033900    0.00037157    0.00041883    0.00045633    0.00052197    0.00295460    0.01015829    0.00265553    0.00144857    0.00401825    0.00125646    0.00232347    0.00152479    0.00145095    0.00064863    0.00104941    0.00000000 
Fr_paral         :   0.00000000    0.00274560   -0.00103674   -0.00667516   -0.01130813   -0.01281397   -0.01181792   -0.00979944   -0.00719157   -0.00413355   -0.00075339    0.00305299    0.00758852    0.01363069    0.02084931    0.02817107    0.05952283    0.06490216    0.05733356    0.04352248    0.02537926    0.01637760    0.01043313    0.00443193   -0.00128910    0.00000000 
max(|Fsp_paral|) :   0.00000000    0.00089533    0.00004727    0.00255494    0.00023530    0.00062706    0.00031897    0.00010371    0.00004240    0.00005011    0.00005328    0.00025290    0.00058002    0.00000435    0.00051397    0.00245028    0.00474738    0.00012190    0.00027477    0.00014462    0.00009819    0.00027478    0.00094677    0.00012773    0.00152885    0.00000000 
max(|Fsp_perp|)  :   0.00000000    0.00000000    0.00000000    0.00000000    0.00000000    0.00000000    0.00000000    0.00000000    0.00000000    0.00000000    0.00000000    0.00000000    0.00000000    0.00000000    0.00000000    0.00000000    0.00000000    0.00000000    0.00000000    0.00000000    0.00000000    0.00000000    0.00000000    0.00000000    0.00000000    0.00000000 
max(|FNEB|)      :   0.00000000    0.00128773    0.00034317    0.00272378    0.00194823    0.00094920    0.00032024    0.00023924    0.00029912    0.00035273    0.00039619    0.00053410    0.00071645    0.00052005    0.00298716    0.00983513    0.00468117    0.00145039    0.00402974    0.00125653    0.00234986    0.00161347    0.00142199    0.00067435    0.00166009    0.00000000 
max(|Force|)     :   0.00957590    0.00193984    0.00097632    0.00493467    0.00843781    0.01028547    0.00970145    0.00812426    0.00600054    0.00346076    0.00062056    0.00259647    0.00646192    0.01164435    0.01804448    0.02548843    0.05112868    0.05508060    0.04840847    0.03560112    0.01839235    0.01340863    0.00934647    0.00409816    0.00107128    0.04081123 
ksp              :   0.01000000    0.01000000    0.01008364    0.03780414    0.06012994    0.07533820    0.08595191    0.09342810    0.09807663    0.10000000    0.10000000    0.09910032    0.09449196    0.08298117    0.06262613    0.02764747    0.01000000    0.01000000    0.01000000    0.01000000    0.01000000    0.01000000    0.01000000    0.01000000    0.01000000 
max(|step|)      :   0.00000000    0.01672899    0.00820301    0.00272689    0.02542524    0.01823282    0.00985057    0.00571662    0.00311465    0.00285879    0.00456701    0.00788509    0.01160709    0.01339708    0.00801566    0.02804740    0.01207469    0.00324298    0.00556288    0.00513557    0.00924405    0.00959178    0.01063616    0.02893408    0.02003755    0.00138006 
angle (deg.)     :    19.9201  10.2965  23.5881  18.8482  3.0674  3.5621  3.1217  2.1099  1.9210  1.5113  1.1313  1.1299  2.3144  4.3269  3.8480  2.6624  6.1883  8.3156  17.7367  21.3876  22.4203  6.2691  5.2359  165.9752 
>
iteration       : 23
climbing        : no
zoom on         : no
nim             : 26
barrier         :   0.00419728 (image: 10) 
distance        :   0.00000000    0.10272304    0.27065357    0.47683180    0.59193407    0.67826408    0.74149157    0.79193550    0.83655368    0.87853052    0.91974494    0.96091835    1.00587930    1.05776340    1.10813566    1.19629816    1.40100519    1.55462737    1.68142384    1.77790831    1.88882920    1.99202081    2.12514524    2.33967029    2.57262777    2.94947102 
energy          : -600.13456430  -600.13515832  -600.13526878  -600.13456547  -600.13353883  -600.13247373  -600.13167107  -600.13110187  -600.13070474  -600.13045835  -600.13036702  -600.13044872  -600.13074149  -600.13138242  -600.13233423  -600.13480966  -600.14446329  -600.15410939  -600.16201138  -600.16699088  -600.17087252  -600.17300142  -600.17474398  -600.17643423  -600.17714078  -600.17332434 
max(|Fr_perp|)   :   0.00000000    0.00079163    0.00026045    0.00020085    0.00052935    0.00099306    0.00087417    0.00057328    0.00044407    0.00052028    0.00075913    0.00093367    0.00103724    0.00145692    0.00079334    0.00281991    0.00254545    0.00207735    0.00210632    0.00108813    0.00219360    0.00183464    0.00205839    0.00021218    0.00185537    0.00000000 
Fr_paral         :   0.00000000    0.00253244   -0.00084604   -0.00674027   -0.01122435   -0.01297524   -0.01220919   -0.01020668   -0.00742755   -0.00408084   -0.00024847    0.00402874    0.00916664    0.01559476    0.02224206    0.03417869    0.05830250    0.06472286    0.05783437    0.04443872    0.02653059    0.01631830    0.01076349    0.00516662   -0.00129073    0.00000000 
max(|Fsp_paral|) :   0.00000000    0.00055348    0.00033511    0.00118728    0.00081142    0.00013965    0.00024514    0.00009112    0.00001938    0.00000503    0.00000348    0.00025513    0.00030281    0.00071288    0.00099334    0.00262752    0.00043951    0.00022971    0.00025391    0.00011489    0.00005350    0.00024331    0.00073977    0.00016726    0.00126423    0.00000000 
max(|Fsp_perp|)  :   0.00000000    0.00000000    0.00000000    0.00000000    0.00000000    0.00000000    0.00000000    0.00000000    0.00000000    0.00000000    0.00000000    0.00000000    0.00000000    0.00000000    0.00000000    0.00000000    0.00000000    0.00000000    0.00000000    0.00000000    0.00000000    0.00000000    0.00000000    0.00000000    0.00000000    0.00000000 
max(|FNEB|)      :   0.00000000    0.00098141    0.00038478    0.00127684    0.00079272    0.00090099    0.00072774    0.00052399    0.00043688    0.00052032    0.00075910    0.00093642    0.00104106    0.00145148    0.00100237    0.00284477    0.00254025    0.00206895    0.00211348    0.00110667    0.00220953    0.00178688    0.00225929    0.00020406    0.00197596    0.00000000 
max(|Force|)     :   0.00957590    0.00173236    0.00079673    0.00484976    0.00868223    0.01067216    0.01011090    0.00846560    0.00618130    0.00340015    0.00075703    0.00342606    0.00780846    0.01333979    0.01910629    0.02941578    0.04991319    0.05471967    0.04789983    0.03541194    0.01877455    0.01377404    0.00961953    0.00470596    0.00174719    0.04081123 
ksp              :   0.01000000    0.01000000    0.01000000    0.03198861    0.05482706    0.07203800    0.08424310    0.09275841    0.09804175    0.10000000    0.10000000    0.09824811    0.09197052    0.07822726    0.05781824    0.01000000    0.01000000    0.01000000    0.01000000    0.01000000    0.01000000    0.01000000    0.01000000    0.01000000    0.01000000 
max(|step|)      :   0.00000000    0.00408513    0.00293099    0.00695437    0.00559801    0.00490204    0.00325596    0.00200627    0.00116840    0.00108326    0.00144482    0.00186660    0.00256360    0.00473609    0.00194348    0.01107207    0.00461594    0.00255649    0.00438890    0.00216879    0.00368392    0.00405448    0.00580241    0.00971012    0.00359790    0.00030701 
angle (deg.)     :    22.8988  10.6735  24.5984  17.1096  4.3127  3.5040  2.4394  1.6894  1.4172  1.4977  1.1245  1.2020  1.1992  1.6871  5.1039  4.6725  4.0267  10.5784  16.9906  20.7664  19.7739  6.5260  4.6315  165.8367 
>
iteration       : 24
climbing        : no
zoom on         : no
nim             : 26
barrier         :   0.00418789 (image: 10) 
distance        :   0.00000000    0.09960940    0.27534774    0.48653378    0.60160553    0.68524237    0.74696476    0.79640349    0.83987575    0.88060510    0.92051716    0.96111361    1.00529494    1.05467483    1.10824782    1.18582939    1.40207038    1.55814030    1.68544684    1.78255570    1.89411405    1.99782172    2.13318568    2.35167786    2.57591671    2.95419694 
energy          : -600.13456430  -600.13515130  -600.13525641  -600.13451447  -600.13345250  -600.13241651  -600.13163506  -600.13108162  -600.13069134  -600.13045818  -600.13037641  -600.13044397  -600.13071420  -600.13129815  -600.13228655  -600.13439892  -600.14440562  -600.15419479  -600.16211991  -600.16710078  -600.17095677  -600.17307643  -600.17483606  -600.17648465  -600.17715453  -600.17332434 
max(|Fr_perp|)   :   0.00000000    0.00008052    0.00013446    0.00015286    0.00021750    0.00066232    0.00057480    0.00043237    0.00037463    0.00035196    0.00049681    0.00068925    0.00079605    0.00075709    0.00074196    0.00151898    0.00281165    0.00096654    0.00433159    0.00141850    0.00143666    0.00054177    0.00128176    0.00012096    0.00049637    0.00000000 
Fr_paral         :   0.00000000    0.00211380   -0.00092790   -0.00701462   -0.01141796   -0.01294827   -0.01212169   -0.01009878   -0.00736468   -0.00411188   -0.00040053    0.00379994    0.00882165    0.01492203    0.02198120    0.03248973    0.05814357    0.06494422    0.05746321    0.04405197    0.02608310    0.01628070    0.01054666    0.00493922   -0.00125523    0.00000000 
max(|Fsp_paral|) :   0.00000000    0.00063515    0.00050775    0.00112665    0.00061189    0.00015361    0.00025022    0.00011705    0.00004316    0.00000856    0.00005794    0.00025004    0.00019251    0.00024291    0.00023836    0.00141450    0.00117693    0.00024470    0.00025496    0.00011572    0.00005425    0.00025716    0.00075205    0.00005230    0.00135727    0.00000000 
max(|Fsp_perp|)  :   0.00000000    0.00000000    0.00000000    0.00000000    0.00000000    0.00000000    0.00000000    0.00000000    0.00000000    0.00000000    0.00000000    0.00000000    0.00000000    0.00000000    0.00000000    0.00000000    0.00000000    0.00000000    0.00000000    0.00000000    0.00000000    0.00000000    0.00000000    0.00000000    0.00000000    0.00000000 
max(|FNEB|)      :   0.00000000    0.00068494    0.00047157    0.00116769    0.00067286    0.00056491    0.00043178    0.00037047    0.00035294    0.00034783    0.00049566    0.00068431    0.00079269    0.00076061    0.00073851    0.00153051    0.00284699    0.00098472    0.00433572    0.00141544    0.00143840    0.00063520    0.00141706    0.00012941    0.00127046    0.00000000 
max(|Force|)     :   0.00957590    0.00181336    0.00084763    0.00501802    0.00870894    0.01045764    0.00997716    0.00840859    0.00619069    0.00348942    0.00050357    0.00320972    0.00751043    0.01276047    0.01885867    0.02795820    0.04991070    0.05518779    0.04780474    0.03521082    0.01769568    0.01360386    0.00943315    0.00450678    0.00119280    0.04081123 
ksp              :   0.01000000    0.01000000    0.01107079    0.03389320    0.05615707    0.07295083    0.08484467    0.09323189    0.09824271    0.10000000    0.10000000    0.09854798    0.09274064    0.08019120    0.05894992    0.01355412    0.01000000    0.01000000    0.01000000    0.01000000    0.01000000    0.01000000    0.01000000    0.01000000    0.01000000 
max(|step|)      :   0.00000000    0.00336102    0.00288400    0.00453994    0.00607415    0.00507899    0.00314929    0.00194403    0.00118251    0.00077985    0.00117842    0.00168397    0.00254719    0.00412685    0.00192609    0.00952074    0.00108050    0.00176496    0.00293594    0.00206990    0.00296829    0.00365928    0.00441727    0.00830993    0.00284029    0.00040880 
angle (deg.)     :    24.8671  10.9004  24.6170  16.7582  5.5053  3.1724  1.8619  1.3735  1.0942  1.5099  1.1196  1.2035  1.6269  1.7360  4.5825  4.8088  4.4256  8.4348  18.5464  20.4812  16.4004  8.8535  4.6801  165.4435 
>
iteration       : 25
climbing        : no
zoom on         : no
nim             : 26
barrier         :   0.00419316 (image: 10) 
distance        :   0.00000000    0.09680687    0.27953778    0.49300565    0.61050993    0.69172615    0.75186633    0.80035406    0.84283563    0.88250581    0.92131014    0.96132963    1.00451366    1.05206682    1.10819023    1.17698644    1.40373450    1.56101315    1.68909658    1.78644448    1.89873340    2.00241992    2.13912952    2.36199519    2.57975486    2.95984753 
energy          : -600.13456430  -600.13514503  -600.13525603  -600.13447664  -600.13337056  -600.13236088  -600.13160266  -600.13105099  -600.13068818  -600.13046979  -600.13037114  -600.13043039  -600.13069790  -600.13124320  -600.13224636  -600.13405259  -600.14438091  -600.15424726  -600.16223465  -600.16720731  -600.17103797  -600.17313577  -600.17489883  -600.17653678  -600.17715843  -600.17332434 
max(|Fr_perp|)   :   0.00000000    0.00037017    0.00015245    0.00013014    0.00022546    0.00024751    0.00027170    0.00028531    0.00029711    0.00036855    0.00050352    0.00061391    0.00068078    0.00085663    0.00031857    0.00178186    0.00058220    0.00116764    0.00083955    0.00224767    0.00139252    0.00051302    0.00052624    0.00014843    0.00028144    0.00000000 
Fr_paral         :   0.00000000    0.00187465   -0.00100053   -0.00719918   -0.01155822   -0.01290393   -0.01203349   -0.00999950   -0.00730987   -0.00413172   -0.00053539    0.00359493    0.00848492    0.01432347    0.02171019    0.03102539    0.05817910    0.06496690    0.05762994    0.04365650    0.02576707    0.01625665    0.01033401    0.00474690   -0.00131272    0.00000000 
max(|Fsp_paral|) :   0.00000000    0.00070780    0.00061916    0.00118649    0.00035859    0.00018309    0.00023191    0.00015117    0.00006366    0.00000218    0.00010288    0.00022208    0.00013508    0.00011999    0.00038785    0.00055713    0.00273483    0.00024763    0.00025786    0.00012137    0.00005896    0.00027052    0.00077419    0.00004653    0.00143465    0.00000000 
max(|Fsp_perp|)  :   0.00000000    0.00000000    0.00000000    0.00000000    0.00000000    0.00000000    0.00000000    0.00000000    0.00000000    0.00000000    0.00000000    0.00000000    0.00000000    0.00000000    0.00000000    0.00000000    0.00000000    0.00000000    0.00000000    0.00000000    0.00000000    0.00000000    0.00000000    0.00000000    0.00000000    0.00000000 
max(|FNEB|)      :   0.00000000    0.00103182    0.00058998    0.00123676    0.00050841    0.00025466    0.00026065    0.00025906    0.00029253    0.00036859    0.00050169    0.00061002    0.00067858    0.00085445    0.00044468    0.00176482    0.00276959    0.00118149    0.00083904    0.00224716    0.00138021    0.00048415    0.00077508    0.00014031    0.00141241    0.00000000 
max(|Force|)     :   0.00957590    0.00186826    0.00090294    0.00512840    0.00871705    0.01031362    0.00987952    0.00834923    0.00618441    0.00354889    0.00051161    0.00300579    0.00719951    0.01223563    0.01860518    0.02672558    0.04991963    0.05533862    0.04821853    0.03506494    0.01743805    0.01345644    0.00928695    0.00433708    0.00118237    0.04081123 
ksp              :   0.01000000    0.01000000    0.01188144    0.03562181    0.05729324    0.07356719    0.08540813    0.09319517    0.09788270    0.10000000    0.10000000    0.09872839    0.09298655    0.08128262    0.05975120    0.02098315    0.01000000    0.01000000    0.01000000    0.01000000    0.01000000    0.01000000    0.01000000    0.01000000    0.01000000 
max(|step|)      :   0.00000000    0.00019193    0.00145212    0.00251061    0.00186215    0.00167099    0.00110102    0.00080935    0.00065376    0.00053132    0.00045958    0.00053399    0.00061245    0.00110434    0.00090884    0.00213886    0.00313434    0.00114556    0.00138895    0.00211817    0.00142578    0.00149377    0.00210665    0.00221506    0.00146994    0.00008396 
angle (deg.)     :    24.9339  11.0711  24.7040  15.9610  6.1039  3.0637  1.7399  1.3308  1.1005  1.5059  1.1208  1.1469  1.3729  1.3112  3.7895  4.1404  5.7297  7.9663  19.0026  20.2954  14.7944  10.0799  4.4856  165.1739 
>
iteration       : 26
climbing        : no
zoom on         : no
nim             : 26
barrier         :   0.00419480 (image: 10) 
distance        :   0.00000000    0.09701476    0.28125161    0.49617310    0.61314289    0.69287356    0.75251768    0.80087745    0.84322074    0.88269572    0.92133462    0.96136803    1.00415681    1.05111509    1.10747531    1.17481158    1.40041878    1.56107614    1.68948913    1.78754553    1.89977516    2.00380373    2.14138907    2.36452286    2.57894671    2.95777079 
energy          : -600.13456430  -600.13514635  -600.13526837  -600.13445361  -600.13334133  -600.13235817  -600.13160248  -600.13106560  -600.13069662  -600.13046338  -600.13036950  -600.13042788  -600.13069000  -600.13121435  -600.13222155  -600.13398090  -600.14418608  -600.15425442  -600.16223931  -600.16724935  -600.17105109  -600.17315434  -600.17492715  -600.17653835  -600.17715656  -600.17332434 
max(|Fr_perp|)   :   0.00000000    0.00038956    0.00014463    0.00010338    0.00017849    0.00015550    0.00015629    0.00021944    0.00024998    0.00026834    0.00027186    0.00027680    0.00028459    0.00028473    0.00027508    0.00032616    0.00029935    0.00039740    0.00149249    0.00056105    0.00065015    0.00048164    0.00031436    0.00013199    0.00036537    0.00000000 
Fr_paral         :   0.00000000    0.00186482   -0.00103266   -0.00732504   -0.01162221   -0.01287381   -0.01201327   -0.00998688   -0.00729744   -0.00413822   -0.00055731    0.00357238    0.00840892    0.01417194    0.02157164    0.03075029    0.05790283    0.06492076    0.05761425    0.04355653    0.02579105    0.01625645    0.01022198    0.00469889   -0.00142948    0.00000000 
max(|Fsp_paral|) :   0.00000000    0.00071867    0.00071320    0.00113245    0.00025401    0.00014805    0.00022390    0.00014663    0.00005789    0.00000345    0.00011807    0.00018846    0.00012598    0.00020687    0.00047825    0.00088015    0.00298214    0.00027388    0.00025304    0.00011507    0.00005625    0.00027681    0.00076631    0.00007941    0.00145401    0.00000000 
max(|Fsp_perp|)  :   0.00000000    0.00000000    0.00000000    0.00000000    0.00000000    0.00000000    0.00000000    0.00000000    0.00000000    0.00000000    0.00000000    0.00000000    0.00000000    0.00000000    0.00000000    0.00000000    0.00000000    0.00000000    0.00000000    0.00000000    0.00000000    0.00000000    0.00000000    0.00000000    0.00000000    0.00000000 
max(|FNEB|)      :   0.00000000    0.00104697    0.00068478    0.00120414    0.00035816    0.00017597    0.00023912    0.00021745    0.00022127    0.00026668    0.00032728    0.00036387    0.00034165    0.00037736    0.00052969    0.00083599    0.00298260    0.00039401    0.00149891    0.00059082    0.00064994    0.00052575    0.00082835    0.00013706    0.00151542    0.00000000 
max(|Force|)     :   0.00957590    0.00186483    0.00092958    0.00518099    0.00877995    0.01029353    0.00987275    0.00834892    0.00618243    0.00356120    0.00053662    0.00297488    0.00712236    0.01209219    0.01848839    0.02643755    0.04971266    0.05522189    0.04838718    0.03514868    0.01762120    0.01339793    0.00921847    0.00429200    0.00120287    0.04081123 
ksp              :   0.01000000    0.01000000    0.01237493    0.03623908    0.05733275    0.07354628    0.08506518    0.09298154    0.09798587    0.10000000    0.10000000    0.09874745    0.09312368    0.08187358    0.06026410    0.02251694    0.01000000    0.01000000    0.01000000    0.01000000    0.01000000    0.01000000    0.01000000    0.01000000    0.01000000 
max(|step|)      :   0.00000000    0.00218600    0.00187530    0.00334645    0.00159115    0.00095657    0.00070463    0.00073473    0.00079982    0.00083506    0.00092679    0.00103652    0.00091916    0.00080199    0.00109062    0.00113961    0.00682861    0.00107929    0.00096195    0.00211846    0.00137791    0.00130288    0.00227228    0.00063709    0.00342882    0.00012276 
angle (deg.)     :    24.0894  11.3346  24.8841  14.5606  6.7399  3.0219  1.7964  1.4158  1.2580  1.4959  1.1235  1.0666  1.3019  2.3080  3.1339  3.1586  6.7699  7.9267  19.5321  20.9347  13.5926  10.9255  4.0355  164.8513 
>
iteration       : 27
climbing        : no
zoom on         : no
nim             : 26
barrier         :   0.00419449 (image: 10) 
distance        :   0.00000000    0.09895534    0.28306216    0.49999131    0.61435329    0.69220318    0.75150130    0.80007489    0.84262076    0.88218810    0.92105735    0.96136429    1.00383745    1.05049313    1.10591027    1.17468416    1.39209756    1.55986356    1.68862662    1.78804166    1.89994064    2.00501628    2.14395180    2.36523222    2.57525160    2.95015138 
energy          : -600.13456430  -600.13515824  -600.13525797  -600.13442094  -600.13330808  -600.13234781  -600.13160412  -600.13106154  -600.13069634  -600.13046215  -600.13036981  -600.13042961  -600.13068972  -600.13120783  -600.13219955  -600.13398501  -600.14373377  -600.15421081  -600.16221853  -600.16727760  -600.17106046  -600.17317038  -600.17495065  -600.17654657  -600.17715072  -600.17332434 
max(|Fr_perp|)   :   0.00000000    0.00029896    0.00014799    0.00011218    0.00016625    0.00011561    0.00015112    0.00018491    0.00022076    0.00030691    0.00045666    0.00059162    0.00067772    0.00079341    0.00031207    0.00105706    0.00083501    0.00112745    0.00111606    0.00240547    0.00149368    0.00038110    0.00049889    0.00008734    0.00066747    0.00000000 
Fr_paral         :   0.00000000    0.00196478   -0.00108443   -0.00751034   -0.01167720   -0.01288440   -0.01202702   -0.01000193   -0.00730316   -0.00413645   -0.00053984    0.00361814    0.00842455    0.01414530    0.02142311    0.03079120    0.05724221    0.06482547    0.05759469    0.04332653    0.02578763    0.01625273    0.01010632    0.00468696   -0.00162089    0.00000000 
max(|Fsp_paral|) :   0.00000000    0.00070666    0.00086664    0.00099096    0.00019345    0.00009747    0.00018277    0.00014930    0.00006542    0.00000723    0.00012175    0.00013770    0.00013014    0.00017129    0.00031614    0.00060218    0.00274725    0.00033203    0.00024372    0.00010032    0.00004689    0.00028157    0.00073619    0.00010269    0.00145868    0.00000000 
max(|Fsp_perp|)  :   0.00000000    0.00000000    0.00000000    0.00000000    0.00000000    0.00000000    0.00000000    0.00000000    0.00000000    0.00000000    0.00000000    0.00000000    0.00000000    0.00000000    0.00000000    0.00000000    0.00000000    0.00000000    0.00000000    0.00000000    0.00000000    0.00000000    0.00000000    0.00000000    0.00000000    0.00000000 
max(|FNEB|)      :   0.00000000    0.00090635    0.00084089    0.00110314    0.00025308    0.00012490    0.00022617    0.00020856    0.00021614    0.00030699    0.00045803    0.00059320    0.00067939    0.00079554    0.00035482    0.00106175    0.00272678    0.00111480    0.00112279    0.00240244    0.00149481    0.00040416    0.00084122    0.00009795    0.00163886    0.00000000 
max(|Force|)     :   0.00957590    0.00183023    0.00096979    0.00524367    0.00889895    0.01035543    0.00990424    0.00835899    0.00617354    0.00354265    0.00051085    0.00302120    0.00713936    0.01207121    0.01836762    0.02647448    0.04918124    0.05507730    0.04831880    0.03521335    0.01800456    0.01334921    0.00914039    0.00427899    0.00128847    0.04081123 
ksp              :   0.01000000    0.01000000    0.01307608    0.03695442    0.05755869    0.07351572    0.08515787    0.09299378    0.09801884    0.10000000    0.10000000    0.09871705    0.09313577    0.08201900    0.06073975    0.02242971    0.01000000    0.01000000    0.01000000    0.01000000    0.01000000    0.01000000    0.01000000    0.01000000    0.01000000 
max(|step|)      :   0.00000000    0.00556132    0.00439736    0.00727929    0.00275390    0.00131754    0.00153821    0.00148881    0.00158871    0.00179273    0.00208276    0.00233255    0.00216132    0.00197727    0.00207128    0.00283701    0.01600667    0.00192464    0.00172788    0.00322960    0.00157988    0.00225909    0.00495144    0.00073061    0.00893035    0.00020662 
angle (deg.)     :    22.3038  11.9664  25.3360  11.8074  8.1932  3.0165  1.9985  1.5924  1.5409  1.4790  1.1401  0.9538  1.3173  3.3328  2.9398  2.4261  7.0385  8.7575  19.9026  22.8844  12.6118  12.0137  3.2089  164.2221 
>
iteration       : 28
climbing        : no
zoom on         : no
nim             : 26
barrier         :   0.00419667 (image: 10) 
distance        :   0.00000000    0.10410725    0.28745126    0.50835336    0.61627995    0.69034491    0.74906062    0.79818027    0.84135397    0.88135702    0.92093912    0.96186163    1.00385906    1.05003066    1.10306816    1.17595095    1.37286604    1.55723228    1.68657063    1.78933439    1.90041324    2.00807290    2.15028999    2.36630204    2.56637521    2.93143102 
energy          : -600.13456430  -600.13516479  -600.13525475  -600.13434748  -600.13328254  -600.13236387  -600.13162446  -600.13107763  -600.13069914  -600.13045956  -600.13036763  -600.13042990  -600.13068935  -600.13121130  -600.13215820  -600.13405608  -600.14269595  -600.15408391  -600.16212915  -600.16734755  -600.17106349  -600.17321170  -600.17500236  -600.17654794  -600.17713133  -600.17332434 
max(|Fr_perp|)   :   0.00000000    0.00020784    0.00025979    0.00018404    0.00045190    0.00043675    0.00037829    0.00030649    0.00043211    0.00056812    0.00078883    0.00096785    0.00107092    0.00130650    0.00051739    0.00209402    0.00123377    0.00203702    0.00174970    0.00211785    0.00204962    0.00084621    0.00119234    0.00009358    0.00102257    0.00000000 
Fr_paral         :   0.00000000    0.00211932   -0.00119876   -0.00790174   -0.01178054   -0.01285493   -0.01204979   -0.01003550   -0.00732171   -0.00413361   -0.00047289    0.00375417    0.00851544    0.01417810    0.02114452    0.03103494    0.05553560    0.06472218    0.05754845    0.04287722    0.02561086    0.01615531    0.00987211    0.00468627   -0.00194118    0.00000000 
max(|Fsp_paral|) :   0.00000000    0.00066736    0.00121676    0.00057026    0.00014197    0.00004258    0.00010218    0.00012730    0.00007444    0.00003101    0.00011356    0.00004368    0.00013228    0.00003902    0.00012492    0.00032216    0.00195278    0.00046948    0.00022046    0.00006582    0.00002346    0.00029013    0.00065850    0.00014540    0.00145888    0.00000000 
max(|Fsp_perp|)  :   0.00000000    0.00000000    0.00000000    0.00000000    0.00000000    0.00000000    0.00000000    0.00000000    0.00000000    0.00000000    0.00000000    0.00000000    0.00000000    0.00000000    0.00000000    0.00000000    0.00000000    0.00000000    0.00000000    0.00000000    0.00000000    0.00000000    0.00000000    0.00000000    0.00000000    0.00000000 
max(|FNEB|)      :   0.00000000    0.00062553    0.00119749    0.00075430    0.00056202    0.00044386    0.00036341    0.00030500    0.00043127    0.00056841    0.00078999    0.00096832    0.00107258    0.00130690    0.00052068    0.00209373    0.00190743    0.00202291    0.00175827    0.00211607    0.00205640    0.00100545    0.00102933    0.00014424    0.00179763    0.00000000 
max(|Force|)     :   0.00957590    0.00174314    0.00105911    0.00538039    0.00914230    0.01040880    0.00993644    0.00835798    0.00614302    0.00349165    0.00078476    0.00317022    0.00724319    0.01212634    0.01815371    0.02673334    0.04778440    0.05499746    0.04814591    0.03488196    0.01836242    0.01326688    0.00898384    0.00427605    0.00177027    0.04081123 
ksp              :   0.01000000    0.01000000    0.01464976    0.03748807    0.05718942    0.07304662    0.08477366    0.09289050    0.09802847    0.10000000    0.10000000    0.09866450    0.09310052    0.08190708    0.06160009    0.02089916    0.01000000    0.01000000    0.01000000    0.01000000    0.01000000    0.01000000    0.01000000    0.01000000    0.01000000 
max(|step|)      :   0.00000000    0.01155328    0.01109248    0.01492898    0.00473060    0.00242318    0.00319383    0.00288173    0.00297465    0.00348346    0.00407983    0.00445758    0.00422637    0.00372223    0.00366965    0.00430642    0.03324810    0.00432177    0.00573571    0.00315359    0.00330354    0.00443502    0.01106777    0.00118052    0.02049627    0.00015739 
angle (deg.)     :    20.3498  13.4841  26.3456  8.8643  10.2797  3.1715  2.2187  1.7874  1.6818  1.4954  1.0872  0.9989  0.7541  2.5137  3.0865  3.5499  7.3076  13.5766  20.7346  24.7464  13.2901  12.8479  3.1550  162.9472 
>
iteration       : 29
climbing        : no
zoom on         : no
nim             : 26
barrier         :   0.00419154 (image: 10) 
distance        :   0.00000000    0.11562719    0.29972945    0.52626278    0.62210747    0.68898958    0.74614389    0.79624649    0.84066942    0.88175002    0.92280877    0.96467439    1.00601772    1.05088134    1.10026997    1.17821097    1.33479498    1.55319657    1.68436076    1.79440141    1.90378781    2.01645506    2.16608391    2.37016586    2.54767757    2.89078467 
energy          : -600.13456430  -600.13518648  -600.13523725  -600.13419126  -600.13320539  -600.13238034  -600.13165401  -600.13110240  -600.13070665  -600.13045392  -600.13037276  -600.13044864  -600.13071069  -600.13121357  -600.13208700  -600.13411543  -600.14065192  -600.15379761  -600.16194138  -600.16746601  -600.17108681  -600.17329394  -600.17512978  -600.17654800  -600.17708896  -600.17332434 
max(|Fr_perp|)   :   0.00000000    0.00048719    0.00023984    0.00040401    0.00079584    0.00058953    0.00036432    0.00019676    0.00029333    0.00032003    0.00035473    0.00037938    0.00044575    0.00050005    0.00036390    0.00040175    0.00184564    0.00235457    0.00753769    0.00685671    0.00190831    0.00112536    0.00150949    0.00023387    0.00107075    0.00000000 
Fr_paral         :   0.00000000    0.00210042   -0.00149533   -0.00861010   -0.01189651   -0.01279041   -0.01209428   -0.01012222   -0.00736604   -0.00410727   -0.00031487    0.00401836    0.00871950    0.01423830    0.02070475    0.03133650    0.05143629    0.06478180    0.05715217    0.04148835    0.02504487    0.01571463    0.00942235    0.00468160   -0.00232144    0.00000000 
max(|Fsp_paral|) :   0.00000000    0.00058769    0.00192810    0.00022301    0.00003665    0.00026950    0.00006712    0.00008402    0.00007305    0.00005857    0.00006836    0.00010166    0.00008015    0.00009738    0.00075450    0.00159237    0.00076791    0.00074449    0.00017593    0.00000509    0.00002253    0.00031024    0.00048597    0.00024239    0.00145968    0.00000000 
max(|Fsp_perp|)  :   0.00000000    0.00000000    0.00000000    0.00000000    0.00000000    0.00000000    0.00000000    0.00000000    0.00000000    0.00000000    0.00000000    0.00000000    0.00000000    0.00000000    0.00000000    0.00000000    0.00000000    0.00000000    0.00000000    0.00000000    0.00000000    0.00000000    0.00000000    0.00000000    0.00000000    0.00000000 
max(|FNEB|)      :   0.00000000    0.00068532    0.00193695    0.00040647    0.00082634    0.00063630    0.00037441    0.00024032    0.00029224    0.00032089    0.00035575    0.00037786    0.00044686    0.00049866    0.00080209    0.00152032    0.00184214    0.00237705    0.00754498    0.00685732    0.00190121    0.00128986    0.00137923    0.00023976    0.00185314    0.00000000 
max(|Force|)     :   0.00957590    0.00157350    0.00127895    0.00596780    0.00938878    0.01034151    0.00990367    0.00834632    0.00609645    0.00339545    0.00035078    0.00346178    0.00748467    0.01223778    0.01783923    0.02704135    0.04434180    0.05524920    0.04813252    0.03401648    0.01762385    0.01311252    0.00866104    0.00427342    0.00198693    0.04081123 
ksp              :   0.01000000    0.01000000    0.01800988    0.03917818    0.05689365    0.07248925    0.08433326    0.09283069    0.09825741    0.10000000    0.10000000    0.09837080    0.09274392    0.08194629    0.06319206    0.01963815    0.01000000    0.01000000    0.01000000    0.01000000    0.01000000    0.01000000    0.01000000    0.01000000    0.01000000 
max(|step|)      :   0.00000000    0.00915417    0.01013625    0.01139136    0.00427329    0.00169490    0.00239285    0.00210875    0.00208176    0.00252043    0.00297826    0.00319120    0.00307270    0.00263403    0.00243199    0.00236535    0.02607998    0.00382946    0.00379013    0.00546174    0.00221719    0.00361377    0.00906112    0.00080338    0.01722022    0.00008538 
angle (deg.)     :    19.8519  14.8840  27.2779  9.3781  10.9816  3.3152  2.3160  1.8131  1.6510  1.5234  1.0632  1.0598  1.0268  1.9251  3.1079  4.6513  5.1853  10.7935  18.5610  24.5500  14.5929  12.8919  4.7785  161.8433 
>
iteration       : 30
climbing        : no
zoom on         : no
nim             : 26
barrier         :   0.00420258 (image: 10) 
distance        :   0.00000000    0.12516005    0.31150662    0.54035626    0.62770551    0.68936860    0.74514310    0.79582995    0.84121775    0.88324451    0.92543797    0.96785346    1.00887160    1.05258495    1.09999377    1.17957058    1.30609551    1.55055813    1.68386786    1.79899279    1.90601914    2.02236235    2.17779051    2.37195848    2.53077580    2.85574537 
energy          : -600.13456430  -600.13520227  -600.13521890  -600.13406794  -600.13314707  -600.13238149  -600.13168548  -600.13111478  -600.13071054  -600.13045550  -600.13036172  -600.13045490  -600.13071124  -600.13121808  -600.13205014  -600.13410717  -600.13914497  -600.15352873  -600.16185797  -600.16761195  -600.17111065  -600.17335738  -600.17521961  -600.17654775  -600.17706034  -600.17332434 
max(|Fr_perp|)   :   0.00000000    0.00050380    0.00031528    0.00070732    0.00085919    0.00046320    0.00039782    0.00035364    0.00034760    0.00036362    0.00036791    0.00038543    0.00040418    0.00050589    0.00038510    0.00104516    0.00063629    0.00127922    0.00212444    0.00231852    0.00206171    0.00135936    0.00125844    0.00025333    0.00085060    0.00000000 
Fr_paral         :   0.00000000    0.00194492   -0.00178242   -0.00906316   -0.01195747   -0.01274937   -0.01212322   -0.01019064   -0.00740903   -0.00408814   -0.00019280    0.00420647    0.00888888    0.01426882    0.02047876    0.03131368    0.04791541    0.06490459    0.05768813    0.04130471    0.02462887    0.01532376    0.00912268    0.00467934   -0.00252163    0.00000000 
max(|Fsp_paral|) :   0.00000000    0.00052989    0.00244810    0.00081261    0.00001841    0.00039639    0.00020799    0.00004265    0.00006815    0.00008530    0.00001881    0.00018842    0.00002065    0.00014806    0.00103938    0.00221751    0.00005119    0.00094864    0.00015246    0.00006337    0.00006351    0.00032564    0.00034641    0.00032231    0.00145877    0.00000000 
max(|Fsp_perp|)  :   0.00000000    0.00000000    0.00000000    0.00000000    0.00000000    0.00000000    0.00000000    0.00000000    0.00000000    0.00000000    0.00000000    0.00000000    0.00000000    0.00000000    0.00000000    0.00000000    0.00000000    0.00000000    0.00000000    0.00000000    0.00000000    0.00000000    0.00000000    0.00000000    0.00000000    0.00000000 
max(|FNEB|)      :   0.00000000    0.00067846    0.00249157    0.00105035    0.00084346    0.00052774    0.00028524    0.00037585    0.00038167    0.00032263    0.00035905    0.00047244    0.00039743    0.00050853    0.00111442    0.00207877    0.00061836    0.00129638    0.00211808    0.00232013    0.00205833    0.00129498    0.00116470    0.00031202    0.00178388    0.00000000 
max(|Force|)     :   0.00957590    0.00144354    0.00148349    0.00639293    0.00944218    0.01020846    0.00983514    0.00833404    0.00607820    0.00333246    0.00044487    0.00367203    0.00768021    0.01231552    0.01768229    0.02709011    0.04134291    0.05548213    0.04832119    0.03303695    0.01694351    0.01298780    0.00841405    0.00427672    0.00188882    0.04081123 
ksp              :   0.01000000    0.01000000    0.02062973    0.04035052    0.05674585    0.07165119    0.08387298    0.09253001    0.09799181    0.10000000    0.10000000    0.09800457    0.09251489    0.08166084    0.06384181    0.01978972    0.01000000    0.01000000    0.01000000    0.01000000    0.01000000    0.01000000    0.01000000    0.01000000    0.01000000 
max(|step|)      :   0.00000000    0.00487134    0.00746892    0.00508875    0.00293026    0.00069248    0.00093938    0.00091285    0.00072858    0.00095016    0.00114415    0.00114225    0.00115719    0.00087010    0.00099239    0.00215274    0.01317171    0.00275695    0.00239740    0.00207403    0.00195629    0.00233007    0.00510863    0.00034678    0.01033263    0.00009210 
angle (deg.)     :    20.2057  15.5977  27.0224  10.8456  9.5622  3.2647  2.2559  1.7272  1.5001  1.5674  1.0451  1.0978  1.0869  1.1471  2.4318  5.6221  5.0920  11.2729  17.4570  22.3054  15.5564  12.0740  5.9908  161.2542 
>
iteration       : 31
climbing        : no
zoom on         : no
nim             : 26
barrier         :   0.00419792 (image: 10) 
distance        :   0.00000000    0.13054670    0.32045516    0.54665647    0.63104862    0.69052271    0.74537607    0.79604677    0.84187565    0.88453876    0.92721748    0.96966871    1.01075150    1.05370894    1.10141064    1.17826656    1.29205555    1.54860936    1.68397058    1.80196209    1.90766836    2.02534420    2.18346283    2.37170036    2.51958780    2.83389980 
energy          : -600.13456430  -600.13520121  -600.13520343  -600.13401650  -600.13312112  -600.13238012  -600.13168893  -600.13111773  -600.13070642  -600.13046661  -600.13036638  -600.13045231  -600.13072327  -600.13123102  -600.13205917  -600.13403850  -600.13842442  -600.15332562  -600.16179687  -600.16770105  -600.17113199  -600.17339992  -600.17527696  -600.17654307  -600.17702918  -600.17332434 
max(|Fr_perp|)   :   0.00000000    0.00026263    0.00030135    0.00079557    0.00058156    0.00048740    0.00042675    0.00040366    0.00040551    0.00042408    0.00043343    0.00045045    0.00046960    0.00051661    0.00045914    0.00051902    0.00102461    0.00065332    0.00215836    0.00241761    0.00170040    0.00102269    0.00066469    0.00021307    0.00056711    0.00000000 
Fr_paral         :   0.00000000    0.00173536   -0.00200393   -0.00921939   -0.01199590   -0.01273581   -0.01213537   -0.01023015   -0.00744491   -0.00407263   -0.00012887    0.00428327    0.00897238    0.01426452    0.02052650    0.03099590    0.04602626    0.06492918    0.05796303    0.04101665    0.02473891    0.01513894    0.00901167    0.00468451   -0.00254505    0.00000000 
max(|Fsp_paral|) :   0.00000000    0.00051502    0.00258361    0.00098941    0.00005517    0.00043961    0.00026201    0.00000171    0.00006206    0.00007868    0.00001928    0.00018074    0.00005598    0.00006957    0.00086895    0.00213255    0.00012516    0.00103477    0.00014582    0.00009687    0.00008090    0.00033442    0.00027004    0.00036779    0.00145647    0.00000000 
max(|Fsp_perp|)  :   0.00000000    0.00000000    0.00000000    0.00000000    0.00000000    0.00000000    0.00000000    0.00000000    0.00000000    0.00000000    0.00000000    0.00000000    0.00000000    0.00000000    0.00000000    0.00000000    0.00000000    0.00000000    0.00000000    0.00000000    0.00000000    0.00000000    0.00000000    0.00000000    0.00000000    0.00000000 
max(|FNEB|)      :   0.00000000    0.00043317    0.00266273    0.00127679    0.00057495    0.00054838    0.00039050    0.00040455    0.00043655    0.00038627    0.00044249    0.00053383    0.00049498    0.00051780    0.00094626    0.00202465    0.00102214    0.00091891    0.00216256    0.00241885    0.00168969    0.00108198    0.00059514    0.00035400    0.00165437    0.00000000 
max(|Force|)     :   0.00957590    0.00138120    0.00163552    0.00652003    0.00930570    0.01006622    0.00978104    0.00834677    0.00610865    0.00332466    0.00048478    0.00373987    0.00775886    0.01231826    0.01772986    0.02680721    0.03974806    0.05555391    0.04872470    0.03279275    0.01686165    0.01290469    0.00828598    0.00428372    0.00202941    0.04081123 
ksp              :   0.01000000    0.01000000    0.02174444    0.04094065    0.05682706    0.07164544    0.08389166    0.09270982    0.09785108    0.10000000    0.10000000    0.09815763    0.09234847    0.08146282    0.06370799    0.02127278    0.01000000    0.01000000    0.01000000    0.01000000    0.01000000    0.01000000    0.01000000    0.01000000    0.01000000 
max(|step|)      :   0.00000000    0.00845969    0.01601728    0.00689313    0.00534435    0.00137422    0.00089488    0.00126290    0.00075409    0.00092446    0.00114879    0.00101965    0.00108301    0.00065485    0.00150835    0.00639113    0.02091485    0.00587677    0.00379599    0.00534111    0.00359115    0.00480998    0.00888334    0.00111660    0.01905906    0.00001265 
angle (deg.)     :    21.1178  16.9373  25.5183  14.3626  5.6501  2.9951  2.1233  1.5880  1.2737  1.6300  1.0592  1.0855  1.4410  0.8170  1.4859  6.7464  6.3359  12.2882  19.0601  19.2319  16.7477  10.6637  8.3413  160.1040 
>
iteration       : 32
climbing        : no
zoom on         : no
nim             : 26
barrier         :   0.00420158 (image: 10) 
distance        :   0.00000000    0.14009311    0.33964136    0.55501064    0.63683771    0.69385244    0.74685090    0.79700007    0.84339216    0.88730113    0.93057426    0.97281347    1.01416332    1.05598560    1.10556586    1.17314354    1.27032632    1.54410744    1.68481427    1.80796086    1.91248631    2.03231707    2.19434757    2.37176334    2.50000141    2.79481023 
energy          : -600.13456430  -600.13522604  -600.13516467  -600.13395445  -600.13307982  -600.13236820  -600.13169901  -600.13113270  -600.13071158  -600.13045804  -600.13036272  -600.13045428  -600.13073009  -600.13122258  -600.13208789  -600.13380531  -600.13735969  -600.15288130  -600.16169755  -600.16785097  -600.17116625  -600.17347481  -600.17535681  -600.17653716  -600.17699109  -600.17332434 
max(|Fr_perp|)   :   0.00000000    0.00030193    0.00046065    0.00077242    0.00032987    0.00044819    0.00040974    0.00043369    0.00045640    0.00047495    0.00048647    0.00049923    0.00051499    0.00052930    0.00052918    0.00037166    0.00109394    0.00128652    0.00333092    0.00110611    0.00226679    0.00125649    0.00065697    0.00018409    0.00072957    0.00000000 
Fr_paral         :   0.00000000    0.00130726   -0.00248023   -0.00937796   -0.01198506   -0.01270857   -0.01214261   -0.01029543   -0.00750477   -0.00404012   -0.00002741    0.00437262    0.00910955    0.01425953    0.02077118    0.02999019    0.04294265    0.06489362    0.05813190    0.04076727    0.02459582    0.01492086    0.00882749    0.00470362   -0.00259507    0.00000000 
max(|Fsp_paral|) :   0.00000000    0.00052063    0.00254434    0.00103932    0.00012835    0.00042558    0.00033116    0.00008686    0.00000729    0.00002199    0.00008758    0.00014462    0.00017151    0.00016438    0.00018553    0.00147418    0.00016027    0.00113782    0.00014761    0.00014886    0.00011028    0.00034696    0.00013848    0.00044788    0.00144717    0.00000000 
max(|Fsp_perp|)  :   0.00000000    0.00000000    0.00000000    0.00000000    0.00000000    0.00000000    0.00000000    0.00000000    0.00000000    0.00000000    0.00000000    0.00000000    0.00000000    0.00000000    0.00000000    0.00000000    0.00000000    0.00000000    0.00000000    0.00000000    0.00000000    0.00000000    0.00000000    0.00000000    0.00000000    0.00000000 
max(|FNEB|)      :   0.00000000    0.00065116    0.00269485    0.00133494    0.00042148    0.00077088    0.00054103    0.00038818    0.00045276    0.00046439    0.00052764    0.00056575    0.00059256    0.00047445    0.00046781    0.00142958    0.00109083    0.00135078    0.00333658    0.00110025    0.00227956    0.00106156    0.00062239    0.00042596    0.00140000    0.00000000 
max(|Force|)     :   0.00957590    0.00127526    0.00197309    0.00656088    0.00893347    0.00984754    0.00971958    0.00840390    0.00619376    0.00333856    0.00049738    0.00379371    0.00786148    0.01230574    0.01793376    0.02591871    0.03713588    0.05556401    0.04929243    0.03261750    0.01668676    0.01272203    0.00807167    0.00430567    0.00230178    0.04081123 
ksp              :   0.01000000    0.01000000    0.02306324    0.04179840    0.05704150    0.07137608    0.08350665    0.09252727    0.09795816    0.10000000    0.10000000    0.09803868    0.09213086    0.08158146    0.06304609    0.02625792    0.01000000    0.01000000    0.01000000    0.01000000    0.01000000    0.01000000    0.01000000    0.01000000    0.01000000 
max(|step|)      :   0.00000000    0.00850937    0.01855862    0.00436852    0.00369044    0.00163387    0.00043150    0.00072346    0.00048568    0.00048579    0.00065519    0.00050534    0.00058821    0.00056456    0.00158308    0.00786362    0.01772238    0.00702668    0.00140060    0.00478270    0.00328746    0.00541712    0.00821012    0.00173113    0.01905910    0.00011132 
angle (deg.)     :    21.5500  18.6221  24.2815  16.4472  4.3480  2.8111  2.1540  1.6015  1.2576  1.6806  1.0740  1.0691  1.5884  2.7524  3.5945  6.1438  6.9263  12.2471  24.1477  17.9176  14.9086  10.1946  10.2596  158.5085 
>
iteration       : 33
climbing        : no
zoom on         : no
nim             : 26
barrier         :   0.00419987 (image: 10) 
distance        :   0.00000000    0.14942066    0.36136572    0.55995059    0.64149560    0.69780631    0.74899003    0.79815545    0.84488737    0.88981524    0.93340370    0.97532495    1.01688050    1.05843234    1.10944997    1.16604111    1.25190276    1.53781200    1.68581898    1.81297297    1.91971946    2.04114314    2.20597137    2.37269619    2.48194819    2.75707978 
energy          : -600.13456430  -600.13523748  -600.13511023  -600.13392511  -600.13304617  -600.13234403  -600.13170175  -600.13114673  -600.13071940  -600.13045516  -600.13036443  -600.13045863  -600.13073770  -600.13122580  -600.13212720  -600.13353341  -600.13650044  -600.15234256  -600.16163452  -600.16795382  -600.17125846  -600.17355063  -600.17542888  -600.17653137  -600.17693197  -600.17332434 
max(|Fr_perp|)   :   0.00000000    0.00059468    0.00060209    0.00054625    0.00118641    0.00053036    0.00033576    0.00040764    0.00044604    0.00046066    0.00047042    0.00047391    0.00047905    0.00049486    0.00051364    0.00192250    0.00178862    0.00127859    0.00246229    0.00171589    0.00256900    0.00129645    0.00115525    0.00023573    0.00059874    0.00000000 
Fr_paral         :   0.00000000    0.00104764   -0.00302407   -0.00943349   -0.01188218   -0.01271315   -0.01215042   -0.01035433   -0.00755417   -0.00400952    0.00004351    0.00441838    0.00917942    0.01430940    0.02100657    0.02867484    0.04027570    0.06479053    0.05817374    0.04017604    0.02419737    0.01484231    0.00864478    0.00473286   -0.00290959    0.00000000 
max(|Fsp_paral|) :   0.00000000    0.00055137    0.00221692    0.00083307    0.00017892    0.00032787    0.00035998    0.00018682    0.00007345    0.00003929    0.00014123    0.00010249    0.00021267    0.00028922    0.00054918    0.00066130    0.00008923    0.00118067    0.00017585    0.00016447    0.00010979    0.00036563    0.00001710    0.00052272    0.00143045    0.00000000 
max(|Fsp_perp|)  :   0.00000000    0.00000000    0.00000000    0.00000000    0.00000000    0.00000000    0.00000000    0.00000000    0.00000000    0.00000000    0.00000000    0.00000000    0.00000000    0.00000000    0.00000000    0.00000000    0.00000000    0.00000000    0.00000000    0.00000000    0.00000000    0.00000000    0.00000000    0.00000000    0.00000000    0.00000000 
max(|FNEB|)      :   0.00000000    0.00078272    0.00241487    0.00095700    0.00129725    0.00065073    0.00052528    0.00039307    0.00040938    0.00047950    0.00053669    0.00052087    0.00057486    0.00049778    0.00075826    0.00193225    0.00178472    0.00126852    0.00247988    0.00168701    0.00257576    0.00134737    0.00115854    0.00048795    0.00134531    0.00000000 
max(|Force|)     :   0.00957590    0.00115521    0.00239405    0.00641456    0.00872664    0.00986189    0.00975817    0.00849211    0.00627691    0.00335040    0.00045312    0.00380387    0.00789568    0.01232632    0.01813407    0.02479248    0.03486259    0.05546873    0.04926232    0.03229792    0.01658506    0.01250866    0.00787000    0.00433933    0.00259422    0.04081123 
ksp              :   0.01000000    0.01000000    0.02369727    0.04253230    0.05757862    0.07134216    0.08323580    0.09239322    0.09805560    0.10000000    0.10000000    0.09798132    0.09200115    0.08154145    0.06222525    0.03209111    0.01000000    0.01000000    0.01000000    0.01000000    0.01000000    0.01000000    0.01000000    0.01000000    0.01000000 
max(|step|)      :   0.00000000    0.01616001    0.03719264    0.00546110    0.00386499    0.00391431    0.00123248    0.00173796    0.00161586    0.00137764    0.00152163    0.00138772    0.00150384    0.00169853    0.00194845    0.01510173    0.02989813    0.01473715    0.00300552    0.00607833    0.00713649    0.00967997    0.01444894    0.00406298    0.03612226    0.00031005 
angle (deg.)     :    21.6491  23.7428  25.2162  17.7020  8.1648  2.9071  2.3223  1.7123  1.3470  1.7300  1.1090  0.9812  1.6234  6.7841  11.6879  8.0364  6.9529  12.9193  29.2248  19.2952  12.6272  11.0940  13.4553  154.3188 
>
iteration       : 34
climbing        : no
zoom on         : no
nim             : 26
barrier         :   0.00419076 (image: 10) 
distance        :   0.00000000    0.16678387    0.40430017    0.56684904    0.64943921    0.70657205    0.75471895    0.80170890    0.84869473    0.89510418    0.93897937    0.98036950    1.02215422    1.06422226    1.11607448    1.15318275    1.22208567    1.52556939    1.68880615    1.82368200    1.93492827    2.06103305    2.23077973    2.37771788    2.45189283    2.69005728 
energy          : -600.13456430  -600.13525667  -600.13496787  -600.13389912  -600.13300192  -600.13229760  -600.13169449  -600.13115686  -600.13073413  -600.13045913  -600.13037353  -600.13046702  -600.13075378  -600.13124435  -600.13216506  -600.13304630  -600.13517883  -600.15123208  -600.16152780  -600.16813374  -600.17145172  -600.17369787  -600.17555413  -600.17650954  -600.17681277  -600.17332434 
max(|Fr_perp|)   :   0.00000000    0.00077023    0.00062430    0.00069197    0.00226022    0.00044480    0.00026427    0.00031311    0.00036479    0.00038276    0.00039365    0.00038886    0.00041155    0.00034365    0.00123264    0.00418899    0.00661874    0.00122985    0.00207131    0.00379241    0.00190953    0.00189460    0.00144835    0.00033118    0.00046371    0.00000000 
Fr_paral         :   0.00000000    0.00075918   -0.00411529   -0.00936666   -0.01167438   -0.01274737   -0.01215903   -0.01042775   -0.00762944   -0.00396135    0.00012740    0.00446465    0.00926090    0.01445912    0.02125682    0.02589733    0.03501947    0.06448031    0.05839940    0.03836832    0.02342792    0.01434200    0.00827320    0.00479558   -0.00369414    0.00000000 
max(|Fsp_paral|) :   0.00000000    0.00062821    0.00133954    0.00024444    0.00020065    0.00007667    0.00037412    0.00035279    0.00018490    0.00014183    0.00021058    0.00003784    0.00019785    0.00030218    0.00166244    0.00055898    0.00008538    0.00120127    0.00024001    0.00019266    0.00011200    0.00038288    0.00020612    0.00065923    0.00138751    0.00000000 
max(|Fsp_perp|)  :   0.00000000    0.00000000    0.00000000    0.00000000    0.00000000    0.00000000    0.00000000    0.00000000    0.00000000    0.00000000    0.00000000    0.00000000    0.00000000    0.00000000    0.00000000    0.00000000    0.00000000    0.00000000    0.00000000    0.00000000    0.00000000    0.00000000    0.00000000    0.00000000    0.00000000    0.00000000 
max(|FNEB|)      :   0.00000000    0.00085972    0.00153369    0.00091561    0.00236243    0.00043419    0.00039869    0.00038687    0.00035856    0.00043437    0.00046488    0.00038578    0.00042406    0.00038719    0.00163249    0.00412948    0.00661194    0.00126816    0.00207135    0.00369147    0.00191198    0.00191364    0.00141638    0.00058664    0.00132181    0.00000000 
max(|Force|)     :   0.00957590    0.00090578    0.00331179    0.00666919    0.00865692    0.01004360    0.00987203    0.00862680    0.00639695    0.00335514    0.00040327    0.00380237    0.00792459    0.01241820    0.01831711    0.02271606    0.03075695    0.05526945    0.04923118    0.03105671    0.01648902    0.01213070    0.00750756    0.00441737    0.00319132    0.04081123 
ksp              :   0.01000000    0.01000000    0.02428517    0.04355327    0.05867925    0.07163144    0.08317753    0.09225604    0.09816179    0.10000000    0.10000000    0.09799224    0.09183390    0.08129866    0.06152561    0.04260015    0.01000000    0.01000000    0.01000000    0.01000000    0.01000000    0.01000000    0.01000000    0.01000000    0.01000000 
max(|step|)      :   0.00000000    0.00688515    0.01593427    0.00198909    0.00132195    0.00187380    0.00108323    0.00091986    0.00106035    0.00104183    0.00107989    0.00110640    0.00117440    0.00121039    0.00168497    0.00480917    0.00953520    0.00690881    0.00258703    0.00271965    0.00435887    0.00365908    0.00503820    0.00224997    0.01481127    0.00019181 
angle (deg.)     :    21.0541  26.6537  27.6603  14.5868  6.6905  3.1514  2.3834  1.8053  1.5189  1.7097  1.1110  0.9444  1.0855  3.5728  7.6074  5.9581  5.7116  12.8411  27.0391  25.4542  11.8923  10.6006  13.8615  151.4789 
>
iteration       : 35
climbing        : no
zoom on         : no
nim             : 26
barrier         :   0.00419788 (image: 10) 
distance        :   0.00000000    0.17382250    0.42203221    0.56809892    0.65114223    0.70927129    0.75667370    0.80271574    0.84952054    0.89604417    0.93987776    0.98126008    1.02293392    1.06594614    1.11573736    1.14820485    1.21146673    1.51797529    1.68831385    1.82630416    1.93815581    2.06798182    2.23884963    2.37777677    2.43825225    2.66112593 
energy          : -600.13456430  -600.13526543  -600.13489561  -600.13390027  -600.13300139  -600.13228207  -600.13167906  -600.13115264  -600.13072540  -600.13045292  -600.13036642  -600.13045917  -600.13074254  -600.13126727  -600.13214322  -600.13290738  -600.13477890  -600.15070709  -600.16148936  -600.16824731  -600.17152698  -600.17376992  -600.17559412  -600.17649463  -600.17674830  -600.17332434 
max(|Fr_perp|)   :   0.00000000    0.00042872    0.00042778    0.00102899    0.00190986    0.00029902    0.00021765    0.00026073    0.00030056    0.00029586    0.00029126    0.00026949    0.00024412    0.00024022    0.00026583    0.00282161    0.00389710    0.00066571    0.00187128    0.00423498    0.00183479    0.00145118    0.00091877    0.00027204    0.00075689    0.00000000 
Fr_paral         :   0.00000000    0.00074833   -0.00456102   -0.00926450   -0.01182309   -0.01279021   -0.01214734   -0.01042820   -0.00763562   -0.00396144    0.00013021    0.00446298    0.00924094    0.01457508    0.02111166    0.02535257    0.03387749    0.06430818    0.05851045    0.03786031    0.02257028    0.01401968    0.00815565    0.00485014   -0.00423545    0.00000000 
max(|Fsp_paral|) :   0.00000000    0.00066155    0.00089139    0.00005235    0.00015299    0.00001528    0.00034267    0.00040693    0.00020568    0.00015422    0.00020781    0.00004576    0.00011134    0.00005414    0.00172695    0.00074813    0.00015914    0.00116651    0.00027375    0.00021321    0.00012896    0.00036412    0.00028933    0.00071060    0.00136170    0.00000000 
max(|Fsp_perp|)  :   0.00000000    0.00000000    0.00000000    0.00000000    0.00000000    0.00000000    0.00000000    0.00000000    0.00000000    0.00000000    0.00000000    0.00000000    0.00000000    0.00000000    0.00000000    0.00000000    0.00000000    0.00000000    0.00000000    0.00000000    0.00000000    0.00000000    0.00000000    0.00000000    0.00000000    0.00000000 
max(|FNEB|)      :   0.00000000    0.00077753    0.00099769    0.00098431    0.00199108    0.00029362    0.00034181    0.00038818    0.00031188    0.00036945    0.00038817    0.00029027    0.00029382    0.00021620    0.00170930    0.00279233    0.00388482    0.00111820    0.00186968    0.00412560    0.00183424    0.00159705    0.00098716    0.00064125    0.00145567    0.00000000 
max(|Force|)     :   0.00957590    0.00078150    0.00373639    0.00670505    0.00892202    0.01024052    0.00993047    0.00864125    0.00639349    0.00333939    0.00026409    0.00380563    0.00790686    0.01251443    0.01817868    0.02197253    0.02950888    0.05513837    0.04913679    0.03023588    0.01652852    0.01199289    0.00737080    0.00446251    0.00345744    0.04081123 
ksp              :   0.01000000    0.01000000    0.02423634    0.04350787    0.05892958    0.07185768    0.08314381    0.09230364    0.09814536    0.10000000    0.10000000    0.09801133    0.09193620    0.08068634    0.06190637    0.04552335    0.01000000    0.01000000    0.01000000    0.01000000    0.01000000    0.01000000    0.01000000    0.01000000    0.01000000 
max(|step|)      :   0.00000000    0.00369575    0.00800538    0.00086994    0.00258788    0.00079674    0.00081005    0.00072965    0.00070586    0.00086436    0.00090877    0.00083091    0.00087275    0.00079728    0.00199002    0.00133706    0.00331266    0.00409489    0.00249859    0.00496314    0.00272290    0.00228332    0.00183900    0.00160517    0.00771168    0.00004579 
angle (deg.)     :    20.3916  28.1027  28.7940  10.9188  3.5485  3.2769  2.3547  1.8533  1.6236  1.6739  1.0943  1.0084  1.1879  4.7953  8.4765  6.1710  5.0994  11.8043  24.0553  30.1492  12.0029  9.2944  13.3042  149.5448 
>
iteration       : 36
climbing        : no
zoom on         : no
nim             : 26
barrier         :   0.00419069 (image: 10) 
distance        :   0.00000000    0.17746087    0.43050578    0.56757626    0.65032778    0.70921086    0.75670712    0.80236488    0.84884655    0.89501028    0.93874514    0.98030087    1.02184001    1.06554382    1.11246504    1.14582620    1.20665774    1.51235877    1.68683876    1.82612430    1.93779954    2.06960271    2.24043260    2.37531835    2.42914216    2.64394013 
energy          : -600.13456430  -600.13526404  -600.13485581  -600.13389988  -600.13301511  -600.13226356  -600.13166376  -600.13114867  -600.13072912  -600.13045900  -600.13037361  -600.13046699  -600.13074805  -600.13126986  -600.13209219  -600.13285658  -600.13465102  -600.15039863  -600.16145619  -600.16832680  -600.17156886  -600.17381376  -600.17561416  -600.17648582  -600.17671966  -600.17332434 
max(|Fr_perp|)   :   0.00000000    0.00010626    0.00044421    0.00117755    0.00118695    0.00024192    0.00022725    0.00022488    0.00024883    0.00023989    0.00023055    0.00020832    0.00018413    0.00017053    0.00069584    0.00292099    0.00381915    0.00024855    0.00114232    0.00347736    0.00197729    0.00147425    0.00107660    0.00021319    0.00106201    0.00000000 
Fr_paral         :   0.00000000    0.00077389   -0.00477667   -0.00923086   -0.01203631   -0.01280345   -0.01212622   -0.01040558   -0.00762036   -0.00397830    0.00010022    0.00445060    0.00921430    0.01462268    0.02077403    0.02509456    0.03333207    0.06421531    0.05867345    0.03787219    0.02169913    0.01381362    0.00809543    0.00490411   -0.00456278    0.00000000 
max(|Fsp_paral|) :   0.00000000    0.00067264    0.00066324    0.00018603    0.00006591    0.00005113    0.00030232    0.00040298    0.00019949    0.00013359    0.00018477    0.00007238    0.00004421    0.00019737    0.00144869    0.00063059    0.00018722    0.00112373    0.00029712    0.00022485    0.00013524    0.00034633    0.00032632    0.00073554    0.00134327    0.00000000 
max(|Fsp_perp|)  :   0.00000000    0.00000000    0.00000000    0.00000000    0.00000000    0.00000000    0.00000000    0.00000000    0.00000000    0.00000000    0.00000000    0.00000000    0.00000000    0.00000000    0.00000000    0.00000000    0.00000000    0.00000000    0.00000000    0.00000000    0.00000000    0.00000000    0.00000000    0.00000000    0.00000000    0.00000000 
max(|FNEB|)      :   0.00000000    0.00069338    0.00068556    0.00102659    0.00122586    0.00026895    0.00027652    0.00039737    0.00022285    0.00030360    0.00031672    0.00024121    0.00020387    0.00025799    0.00141894    0.00288915    0.00380489    0.00102925    0.00111931    0.00335801    0.00211253    0.00160815    0.00099549    0.00068966    0.00154874    0.00000000 
max(|Force|)     :   0.00957590    0.00070944    0.00395688    0.00666132    0.00923005    0.01033856    0.00992823    0.00860735    0.00635218    0.00332619    0.00019091    0.00381045    0.00789513    0.01255962    0.01789906    0.02178707    0.02902037    0.05508602    0.04927422    0.02985312    0.01655693    0.01194193    0.00731329    0.00449580    0.00360199    0.04081123 
ksp              :   0.01000000    0.01000000    0.02426928    0.04327054    0.05941103    0.07229236    0.08335464    0.09236495    0.09816616    0.10000000    0.10000000    0.09799452    0.09195848    0.08075196    0.06309149    0.04667530    0.01000000    0.01000000    0.01000000    0.01000000    0.01000000    0.01000000    0.01000000    0.01000000    0.01000000 
max(|step|)      :   0.00000000    0.00755566    0.01463348    0.00417142    0.00691221    0.00177698    0.00202411    0.00194318    0.00163738    0.00219475    0.00231301    0.00202330    0.00200342    0.00173862    0.00640907    0.00195491    0.00330856    0.00908047    0.00483088    0.01522017    0.00514709    0.00600378    0.00348244    0.00432567    0.01600231    0.00012109 
angle (deg.)     :    18.8787  30.7205  27.4551  7.7900  7.2001  3.2904  2.2164  1.8012  1.6575  1.5984  1.0412  1.1335  1.0244  0.9911  4.1637  7.2828  6.0399  10.1037  21.6298  34.9043  16.4406  6.2745  11.8375  144.4743 
>
iteration       : 37
climbing        : no
zoom on         : no
nim             : 26
barrier         :   0.00418573 (image: 10) 
distance        :   0.00000000    0.18508820    0.44545052    0.56455672    0.64612030    0.70699879    0.75573506    0.80101323    0.84635819    0.89098445    0.93437296    0.97648873    1.01790451    1.06228568    1.10140959    1.14246679    1.19910015    1.49804382    1.68187025    1.82390756    1.93652638    2.06832807    2.23798825    2.36535801    2.40651911    2.60461277 
energy          : -600.13456430  -600.13527533  -600.13477935  -600.13391174  -600.13302125  -600.13224429  -600.13164122  -600.13113032  -600.13072026  -600.13046616  -600.13037857  -600.13046724  -600.13074749  -600.13127358  -600.13193547  -600.13287303  -600.13451282  -600.14968917  -600.16136187  -600.16843263  -600.17168565  -600.17388351  -600.17564200  -600.17645858  -600.17663690  -600.17332434 
max(|Fr_perp|)   :   0.00000000    0.00056860    0.00053430    0.00108148    0.00071048    0.00043208    0.00017458    0.00014113    0.00018801    0.00021926    0.00019864    0.00017494    0.00016206    0.00018987    0.00016441    0.00064879    0.00381704    0.00140134    0.00137927    0.00215782    0.00491635    0.00135313    0.00090825    0.00026973    0.00100890    0.00000000 
Fr_paral         :   0.00000000    0.00076321   -0.00516055   -0.00937451   -0.01226092   -0.01280426   -0.01207299   -0.01031172   -0.00756694   -0.00402877    0.00000613    0.00440534    0.00914884    0.01463429    0.01974723    0.02528981    0.03278559    0.06383923    0.05919885    0.03846137    0.01987706    0.01310699    0.00795089    0.00502849   -0.00513337    0.00000000 
max(|Fsp_paral|) :   0.00000000    0.00067061    0.00020712    0.00049354    0.00009231    0.00007564    0.00020027    0.00033560    0.00014832    0.00003355    0.00010791    0.00012682    0.00002005    0.00079523    0.00036845    0.00009084    0.00059733    0.00126926    0.00034964    0.00023359    0.00013505    0.00032872    0.00038490    0.00078591    0.00129463    0.00000000 
max(|Fsp_perp|)  :   0.00000000    0.00000000    0.00000000    0.00000000    0.00000000    0.00000000    0.00000000    0.00000000    0.00000000    0.00000000    0.00000000    0.00000000    0.00000000    0.00000000    0.00000000    0.00000000    0.00000000    0.00000000    0.00000000    0.00000000    0.00000000    0.00000000    0.00000000    0.00000000    0.00000000    0.00000000 
max(|FNEB|)      :   0.00000000    0.00077892    0.00055643    0.00093879    0.00062523    0.00041879    0.00021166    0.00040780    0.00023666    0.00022239    0.00020796    0.00018497    0.00016070    0.00077442    0.00036731    0.00064825    0.00377575    0.00139793    0.00153644    0.00212823    0.00502700    0.00131198    0.00081921    0.00078388    0.00161677    0.00000000 
max(|Force|)     :   0.00957590    0.00078185    0.00436101    0.00657028    0.00984568    0.01036564    0.00983887    0.00846411    0.00624421    0.00331897    0.00019819    0.00380004    0.00785939    0.01258043    0.01699314    0.02179164    0.02851305    0.05478343    0.04997758    0.03040702    0.01638180    0.01186497    0.00723935    0.00458621    0.00391267    0.04081123 
ksp              :   0.01000000    0.01000000    0.02403115    0.04317801    0.05988407    0.07285110    0.08383624    0.09265312    0.09811667    0.10000000    0.10000000    0.09809361    0.09206779    0.08075597    0.06652414    0.04636498    0.01110689    0.01000000    0.01000000    0.01000000    0.01000000    0.01000000    0.01000000    0.01000000    0.01000000 
max(|step|)      :   0.00000000    0.00371209    0.00497560    0.00298223    0.00227700    0.00071464    0.00118884    0.00149876    0.00080763    0.00110784    0.00119906    0.00104086    0.00091720    0.00134175    0.00350898    0.00156615    0.00776823    0.00552710    0.00139712    0.00625304    0.01008675    0.00230283    0.00256934    0.00304453    0.00837771    0.00007775 
angle (deg.)     :    18.3530  31.3124  21.9931  7.1279  10.0224  3.0262  1.9161  1.6338  1.5211  1.5680  1.0619  1.1802  2.3906  1.9566  8.6399  11.4383  6.9552  12.5502  19.3253  28.3326  19.9163  6.0281  12.8059  140.8164 
>
iteration       : 38
climbing        : no
zoom on         : no
nim             : 26
barrier         :   0.00418734 (image: 10) 
distance        :   0.00000000    0.18920057    0.45031087    0.56268547    0.64238273    0.70427420    0.75425397    0.79970532    0.84415232    0.88768971    0.93076148    0.97311815    1.01469329    1.05782433    1.09432938    1.13981598    1.19780821    1.48902306    1.67843520    1.82316781    1.93591157    2.06243225    2.22933722    2.35355982    2.38914291    2.57862172 
energy          : -600.13456430  -600.13526873  -600.13475019  -600.13391634  -600.13302254  -600.13225533  -600.13162656  -600.13111894  -600.13071829  -600.13045828  -600.13037696  -600.13045647  -600.13073634  -600.13124438  -600.13186509  -600.13287981  -600.13452081  -600.14925815  -600.16128415  -600.16848189  -600.17181717  -600.17392072  -600.17564559  -600.17644477  -600.17660012  -600.17332434 
max(|Fr_perp|)   :   0.00000000    0.00043793    0.00046342    0.00051641    0.00094863    0.00021014    0.00017082    0.00014393    0.00021293    0.00023182    0.00023662    0.00023214    0.00026835    0.00010793    0.00162775    0.00131256    0.00963166    0.00386837    0.00145091    0.00285207    0.00332823    0.00169330    0.00038700    0.00033047    0.00052294    0.00000000 
Fr_paral         :   0.00000000    0.00067062   -0.00532587   -0.00963978   -0.01224157   -0.01281183   -0.01203725   -0.01023610   -0.00750996   -0.00406586   -0.00006129    0.00434826    0.00911231    0.01444337    0.01913700    0.02532709    0.03175790    0.06341295    0.05943109    0.03884541    0.02069529    0.01270711    0.00792913    0.00508640   -0.00532385    0.00000000 
max(|Fsp_paral|) :   0.00000000    0.00064100    0.00006043    0.00054928    0.00018465    0.00002793    0.00013497    0.00024732    0.00013310    0.00002493    0.00006060    0.00012693    0.00009101    0.00086638    0.00010637    0.00035669    0.00043176    0.00110452    0.00037385    0.00024766    0.00009667    0.00034044    0.00038834    0.00080866    0.00125984    0.00000000 
max(|Fsp_perp|)  :   0.00000000    0.00000000    0.00000000    0.00000000    0.00000000    0.00000000    0.00000000    0.00000000    0.00000000    0.00000000    0.00000000    0.00000000    0.00000000    0.00000000    0.00000000    0.00000000    0.00000000    0.00000000    0.00000000    0.00000000    0.00000000    0.00000000    0.00000000    0.00000000    0.00000000    0.00000000 
max(|FNEB|)      :   0.00000000    0.00063978    0.00046886    0.00066561    0.00109892    0.00022435    0.00023437    0.00033441    0.00021345    0.00022947    0.00024190    0.00024228    0.00027465    0.00084447    0.00162279    0.00131932    0.00957970    0.00391791    0.00161871    0.00286353    0.00341230    0.00164031    0.00047349    0.00079902    0.00153959    0.00000000 
max(|Force|)     :   0.00957590    0.00062618    0.00448465    0.00695137    0.00980296    0.01025239    0.00976636    0.00839865    0.00620531    0.00336093    0.00024114    0.00374691    0.00782706    0.01241107    0.01653068    0.02184391    0.02850508    0.05452846    0.05020608    0.03134668    0.01595624    0.01178477    0.00723921    0.00464995    0.00407852    0.04081123 
ksp              :   0.01000000    0.01000000    0.02392692    0.04313766    0.05962742    0.07314181    0.08405222    0.09266354    0.09825212    0.10000000    0.10000000    0.09829104    0.09227564    0.08135627    0.06801496    0.04620529    0.01093480    0.01000000    0.01000000    0.01000000    0.01000000    0.01000000    0.01000000    0.01000000    0.01000000 
max(|step|)      :   0.00000000    0.00060482    0.00084548    0.00083189    0.00081520    0.00027490    0.00017875    0.00035514    0.00021782    0.00020587    0.00020440    0.00019407    0.00019726    0.00082000    0.00074401    0.00013848    0.00302080    0.00140908    0.00156741    0.00205567    0.00390655    0.00138964    0.00058225    0.00068887    0.00092600    0.00004078 
angle (deg.)     :    18.4528  30.6584  19.5698  6.4770  8.9376  2.7986  1.7981  1.5544  1.4409  1.5773  1.0750  1.0764  1.1217  1.1887  6.0681  7.1569  6.7081  13.2471  17.6466  23.6049  20.0125  6.1485  13.5370  140.3566 
>
iteration       : 39
climbing        : no
zoom on         : no
nim             : 26
barrier         :   0.00419164 (image: 10) 
distance        :   0.00000000    0.18968500    0.44934820    0.56246207    0.64155862    0.70318688    0.75346757    0.79909965    0.84336741    0.88671565    0.92969234    0.97200591    1.01366219    1.05587335    1.09322632    1.13882009    1.19854787    1.48651859    1.67654047    1.82172267    1.93430771    2.05834358    2.22363296    2.34772193    2.38314668    2.57171589 
energy          : -600.13456430  -600.13527438  -600.13474958  -600.13390846  -600.13302738  -600.13225205  -600.13162312  -600.13110985  -600.13071871  -600.13046552  -600.13037266  -600.13046491  -600.13074324  -600.13123166  -600.13186100  -600.13286932  -600.13461541  -600.14920382  -600.16127385  -600.16848848  -600.17184838  -600.17393156  -600.17564270  -600.17644288  -600.17659826  -600.17332434 
max(|Fr_perp|)   :   0.00000000    0.00019703    0.00040185    0.00037211    0.00073137    0.00021282    0.00014629    0.00010276    0.00012358    0.00012446    0.00012579    0.00012531    0.00014444    0.00006966    0.00046943    0.00174391    0.00481050    0.00139510    0.00096242    0.00230568    0.00162024    0.00137483    0.00031622    0.00025165    0.00036261    0.00000000 
Fr_paral         :   0.00000000    0.00062040   -0.00534124   -0.00972018   -0.01225078   -0.01281226   -0.01202932   -0.01021553   -0.00749796   -0.00406732   -0.00007090    0.00434581    0.00911255    0.01431491    0.01917749    0.02528910    0.03310015    0.06345857    0.05942179    0.03911717    0.02156463    0.01281283    0.00794851    0.00510106   -0.00530216    0.00000000 
max(|Fsp_paral|) :   0.00000000    0.00062378    0.00009900    0.00048740    0.00020397    0.00000173    0.00013356    0.00021307    0.00012599    0.00004157    0.00005617    0.00012607    0.00016903    0.00071930    0.00004811    0.00028523    0.00009357    0.00083938    0.00037593    0.00025232    0.00007800    0.00034501    0.00037462    0.00080899    0.00125219    0.00000000 
max(|Fsp_perp|)  :   0.00000000    0.00000000    0.00000000    0.00000000    0.00000000    0.00000000    0.00000000    0.00000000    0.00000000    0.00000000    0.00000000    0.00000000    0.00000000    0.00000000    0.00000000    0.00000000    0.00000000    0.00000000    0.00000000    0.00000000    0.00000000    0.00000000    0.00000000    0.00000000    0.00000000    0.00000000 
max(|FNEB|)      :   0.00000000    0.00058324    0.00040932    0.00047873    0.00089123    0.00021181    0.00024078    0.00028311    0.00018157    0.00012053    0.00013070    0.00013543    0.00015610    0.00069964    0.00046827    0.00175470    0.00480514    0.00141809    0.00112782    0.00231466    0.00169542    0.00137735    0.00034468    0.00080016    0.00149127    0.00000000 
max(|Force|)     :   0.00957590    0.00051248    0.00445143    0.00700521    0.00962703    0.01019606    0.00975949    0.00840125    0.00621992    0.00338499    0.00013104    0.00373087    0.00781531    0.01229407    0.01650536    0.02184065    0.02881088    0.05442805    0.05015712    0.03157554    0.01577961    0.01174784    0.00725732    0.00466314    0.00409624    0.04081123 
ksp              :   0.01000000    0.01000000    0.02408178    0.04299969    0.05964698    0.07315111    0.08417154    0.09256990    0.09800622    0.10000000    0.10000000    0.09801921    0.09204314    0.08155620    0.06804349    0.04639339    0.01000000    0.01000000    0.01000000    0.01000000    0.01000000    0.01000000    0.01000000    0.01000000    0.01000000 
max(|step|)      :   0.00000000    0.00099212    0.00177214    0.00144111    0.00207214    0.00046714    0.00046259    0.00070198    0.00044431    0.00032162    0.00032669    0.00032217    0.00033572    0.00176699    0.00036945    0.00233308    0.00412483    0.00152159    0.00302666    0.00499654    0.00529765    0.00279759    0.00124851    0.00172251    0.00240098    0.00002856 
angle (deg.)     :    18.5956  28.9740  15.6655  8.9975  6.1264  2.4490  1.7559  1.4939  1.3689  1.5924  1.0902  0.9762  0.9372  2.0653  5.0567  5.7794  6.3645  13.8852  20.5714  17.3546  18.2957  7.0065  15.8959  138.6903 
>
iteration       : 40
climbing        : no
zoom on         : no
nim             : 26
barrier         :   0.00419114 (image: 10) 
distance        :   0.00000000    0.19086244    0.44729257    0.56246633    0.64062011    0.70152819    0.75232423    0.79828087    0.84224573    0.88528582    0.92799536    0.97013897    1.01175421    1.05224138    1.09166170    1.13714646    1.19887556    1.48300564    1.67396528    1.82008914    1.93477222    2.05603714    2.21737324    2.34091741    2.37592969    2.56204756 
energy          : -600.13456430  -600.13527210  -600.13476431  -600.13389615  -600.13301991  -600.13225643  -600.13162479  -600.13110024  -600.13071289  -600.13046359  -600.13037316  -600.13046020  -600.13073691  -600.13120890  -600.13185645  -600.13287200  -600.13468738  -600.14909154  -600.16122556  -600.16848768  -600.17187622  -600.17395450  -600.17563211  -600.17643279  -600.17658372  -600.17332434 
max(|Fr_perp|)   :   0.00000000    0.00014930    0.00031068    0.00018684    0.00017622    0.00017057    0.00007507    0.00003262    0.00002856    0.00003010    0.00004389    0.00004630    0.00007019    0.00003040    0.00003469    0.00183964    0.00311178    0.00061182    0.00089343    0.00127681    0.00099788    0.00110803    0.00035213    0.00011534    0.00039801    0.00000000 
Fr_paral         :   0.00000000    0.00053840   -0.00537696   -0.00983035   -0.01223656   -0.01281106   -0.01201972   -0.01018753   -0.00747455   -0.00406455   -0.00008696    0.00430449    0.00906370    0.01405647    0.01918070    0.02526466    0.03358223    0.06336774    0.05936014    0.03911868    0.02249899    0.01318571    0.00796955    0.00514164   -0.00535224    0.00000000 
max(|Fsp_paral|) :   0.00000000    0.00058461    0.00018701    0.00039695    0.00019485    0.00006994    0.00013425    0.00016384    0.00012107    0.00004260    0.00004792    0.00011105    0.00030000    0.00042664    0.00011586    0.00020588    0.00001655    0.00079900    0.00037767    0.00024572    0.00004817    0.00033437    0.00034268    0.00080795    0.00123232    0.00000000 
max(|Fsp_perp|)  :   0.00000000    0.00000000    0.00000000    0.00000000    0.00000000    0.00000000    0.00000000    0.00000000    0.00000000    0.00000000    0.00000000    0.00000000    0.00000000    0.00000000    0.00000000    0.00000000    0.00000000    0.00000000    0.00000000    0.00000000    0.00000000    0.00000000    0.00000000    0.00000000    0.00000000    0.00000000 
max(|FNEB|)      :   0.00000000    0.00061491    0.00034718    0.00054843    0.00031026    0.00023047    0.00020109    0.00018655    0.00013058    0.00004833    0.00004318    0.00010103    0.00028876    0.00041308    0.00010106    0.00184253    0.00311287    0.00083218    0.00088942    0.00143995    0.00103889    0.00112578    0.00044493    0.00080398    0.00145278    0.00000000 
max(|Force|)     :   0.00957590    0.00051034    0.00437718    0.00703314    0.00935435    0.01017105    0.00978498    0.00842386    0.00624492    0.00342172    0.00006595    0.00366953    0.00775185    0.01205844    0.01649126    0.02178748    0.02911449    0.05430907    0.04996799    0.03141814    0.01553231    0.01164716    0.00729262    0.00469628    0.00414448    0.04081123 
ksp              :   0.01000000    0.01000000    0.02434767    0.04316402    0.05955879    0.07312264    0.08438670    0.09270457    0.09805812    0.10000000    0.10000000    0.09813091    0.09218891    0.08205340    0.06814807    0.04634028    0.01000000    0.01000000    0.01000000    0.01000000    0.01000000    0.01000000    0.01000000    0.01000000    0.01000000 
max(|step|)      :   0.00000000    0.00065412    0.00041016    0.00045213    0.00057465    0.00018274    0.00023691    0.00026160    0.00017648    0.00006714    0.00004650    0.00011415    0.00027135    0.00061040    0.00025880    0.00133317    0.00110226    0.00094488    0.00055028    0.00185257    0.00044470    0.00122828    0.00039207    0.00092732    0.00161820    0.00000150 
angle (deg.)     :    18.5524  28.2745  15.1288  9.8745  5.2787  2.4408  1.8211  1.5064  1.3790  1.5974  1.0853  0.9613  1.0777  1.6245  1.3455  4.6196  6.1339  13.5158  22.0807  17.2112  16.4040  7.1115  17.1236  137.5333 
>
iteration       : 41
climbing        : no
zoom on         : no
nim             : 26
barrier         :   0.00419074 (image: 10) 
distance        :   0.00000000    0.19158104    0.44697062    0.56269107    0.64047926    0.70115054    0.75207901    0.79810950    0.84198333    0.88489744    0.92748129    0.96953829    1.01097012    1.05106485    1.09112400    1.13647932    1.19903015    1.48135774    1.67288504    1.81935649    1.93539053    2.05673625    2.21644740    2.33940290    2.37382699    2.55827482 
energy          : -600.13456430  -600.13528113  -600.13475786  -600.13388811  -600.13302683  -600.13225685  -600.13161461  -600.13110616  -600.13071497  -600.13046271  -600.13037356  -600.13045793  -600.13073207  -600.13119773  -600.13185933  -600.13286418  -600.13471138  -600.14901459  -600.16119142  -600.16848656  -600.17188318  -600.17396044  -600.17562805  -600.17643031  -600.17657329  -600.17332434 
max(|Fr_perp|)   :   0.00000000    0.00016431    0.00026494    0.00023185    0.00014665    0.00013094    0.00004571    0.00002359    0.00003593    0.00003890    0.00003835    0.00004518    0.00006394    0.00002683    0.00042337    0.00044188    0.00062355    0.00050820    0.00032065    0.00071286    0.00123409    0.00084454    0.00031628    0.00009502    0.00042692    0.00000000 
Fr_paral         :   0.00000000    0.00052433   -0.00540035   -0.00984544   -0.01223146   -0.01281559   -0.01202523   -0.01016961   -0.00746147   -0.00405812   -0.00009126    0.00428626    0.00902564    0.01395706    0.01916569    0.02528992    0.03383816    0.06331461    0.05937600    0.03897833    0.02241807    0.01333190    0.00798550    0.00516265   -0.00543037    0.00000000 
max(|Fsp_paral|) :   0.00000000    0.00056896    0.00022177    0.00035382    0.00020617    0.00009843    0.00011740    0.00015488    0.00012011    0.00004143    0.00004462    0.00011697    0.00031371    0.00034607    0.00017915    0.00015401    0.00007416    0.00077859    0.00037984    0.00023961    0.00003936    0.00032321    0.00033294    0.00080796    0.00122156    0.00000000 
max(|Fsp_perp|)  :   0.00000000    0.00000000    0.00000000    0.00000000    0.00000000    0.00000000    0.00000000    0.00000000    0.00000000    0.00000000    0.00000000    0.00000000    0.00000000    0.00000000    0.00000000    0.00000000    0.00000000    0.00000000    0.00000000    0.00000000    0.00000000    0.00000000    0.00000000    0.00000000    0.00000000    0.00000000 
max(|FNEB|)      :   0.00000000    0.00060166    0.00030714    0.00056140    0.00031164    0.00021832    0.00015311    0.00016368    0.00011923    0.00004284    0.00004245    0.00011246    0.00030749    0.00033617    0.00042205    0.00044600    0.00062503    0.00080283    0.00046797    0.00086771    0.00126661    0.00086575    0.00040891    0.00080568    0.00146635    0.00000000 
max(|Force|)     :   0.00957590    0.00050023    0.00436419    0.00701839    0.00934232    0.01020210    0.00981126    0.00842069    0.00624369    0.00342217    0.00007512    0.00364851    0.00771422    0.01196864    0.01647379    0.02178402    0.02918063    0.05426676    0.04996775    0.03112929    0.01552280    0.01160547    0.00730224    0.00471385    0.00417684    0.04081123 
ksp              :   0.01000000    0.01000000    0.02452189    0.04301864    0.05955469    0.07334724    0.08426664    0.09266782    0.09808542    0.10000000    0.10000000    0.09818803    0.09230060    0.08230007    0.06809180    0.04651163    0.01000000    0.01000000    0.01000000    0.01000000    0.01000000    0.01000000    0.01000000    0.01000000    0.01000000 
max(|step|)      :   0.00000000    0.00150574    0.00080407    0.00118498    0.00090091    0.00046438    0.00046276    0.00051788    0.00035982    0.00013138    0.00010362    0.00027378    0.00068689    0.00115379    0.00027202    0.00059609    0.00095511    0.00210641    0.00094733    0.00319774    0.00183266    0.00238742    0.00086036    0.00208806    0.00372191    0.00008660 
angle (deg.)     :    18.3985  26.8205  14.9286  10.9710  4.0042  2.5538  1.9437  1.5658  1.3963  1.6036  1.0704  0.9549  0.9579  1.9705  3.1172  4.8852  5.7562  12.6127  24.1455  18.4267  12.3750  7.0726  19.8802  134.8585 
>
iteration       : 42
climbing        : no
zoom on         : no
nim             : 26
barrier         :   0.00419285 (image: 10) 
distance        :   0.00000000    0.19317546    0.44655647    0.56329442    0.64035528    0.70057203    0.75168229    0.79786240    0.84157074    0.88421593    0.92652751    0.96837625    1.00932416    1.04887538    1.08996340    1.13521349    1.19913467    1.47816219    1.67092454    1.81805781    1.93668508    2.05910731    2.21568237    2.33723932    2.37025290    2.55088644 
energy          : -600.13456430  -600.13528343  -600.13475629  -600.13386823  -600.13302147  -600.13225300  -600.13161677  -600.13109285  -600.13070755  -600.13046423  -600.13037145  -600.13046056  -600.13072108  -600.13117152  -600.13184523  -600.13285027  -600.13474866  -600.14886895  -600.16111693  -600.16846228  -600.17191028  -600.17397692  -600.17561641  -600.17641670  -600.17655620  -600.17332434 
max(|Fr_perp|)   :   0.00000000    0.00012114    0.00017384    0.00025556    0.00020968    0.00004380    0.00002947    0.00003780    0.00003985    0.00003460    0.00002984    0.00002800    0.00002993    0.00002880    0.00023306    0.00129876    0.00123132    0.00012112    0.00046998    0.00061262    0.00100730    0.00056767    0.00025843    0.00004917    0.00047837    0.00000000 
Fr_paral         :   0.00000000    0.00050611   -0.00545711   -0.00989000   -0.01222341   -0.01282786   -0.01201538   -0.01014321   -0.00743812   -0.00404593   -0.00011540    0.00424558    0.00892174    0.01378932    0.01911172    0.02519784    0.03394091    0.06322538    0.05945393    0.03867148    0.02208035    0.01350449    0.00803092    0.00520828   -0.00561822    0.00000000 
max(|Fsp_paral|) :   0.00000000    0.00053699    0.00029699    0.00028661    0.00020831    0.00012451    0.00012925    0.00012641    0.00010381    0.00004348    0.00003920    0.00014317    0.00030589    0.00021858    0.00026598    0.00008817    0.00017294    0.00073952    0.00038495    0.00022741    0.00002827    0.00029382    0.00031666    0.00080795    0.00119694    0.00000000 
max(|Fsp_perp|)  :   0.00000000    0.00000000    0.00000000    0.00000000    0.00000000    0.00000000    0.00000000    0.00000000    0.00000000    0.00000000    0.00000000    0.00000000    0.00000000    0.00000000    0.00000000    0.00000000    0.00000000    0.00000000    0.00000000    0.00000000    0.00000000    0.00000000    0.00000000    0.00000000    0.00000000    0.00000000 
max(|FNEB|)      :   0.00000000    0.00055929    0.00024528    0.00052288    0.00036727    0.00014079    0.00011477    0.00011443    0.00009462    0.00003853    0.00004211    0.00014459    0.00030599    0.00021512    0.00026171    0.00130214    0.00123281    0.00073158    0.00050103    0.00061940    0.00103025    0.00051003    0.00025765    0.00080599    0.00149959    0.00000000 
max(|Force|)     :   0.00957590    0.00047371    0.00434581    0.00701754    0.00937715    0.01027844    0.00983584    0.00841472    0.00623186    0.00341687    0.00010064    0.00360814    0.00761919    0.01181806    0.01642093    0.02173412    0.02927411    0.05420857    0.05004184    0.03059258    0.01555777    0.01153277    0.00732162    0.00475444    0.00425275    0.04081123 
ksp              :   0.01000000    0.01000000    0.02494116    0.04311715    0.05961228    0.07326908    0.08451523    0.09278573    0.09800858    0.10000000    0.10000000    0.09808741    0.09249520    0.08282655    0.06836519    0.04679189    0.01000000    0.01000000    0.01000000    0.01000000    0.01000000    0.01000000    0.01000000    0.01000000    0.01000000 
max(|step|)      :   0.00000000    0.00246374    0.00111605    0.00203515    0.00089360    0.00066226    0.00069305    0.00071699    0.00052501    0.00020578    0.00016814    0.00053432    0.00119128    0.00155357    0.00070515    0.00039565    0.00083789    0.00337003    0.00176200    0.00270701    0.00311208    0.00266691    0.00126190    0.00349513    0.00634398    0.00006236 
angle (deg.)     :    18.1328  24.8028  15.9238  11.2287  3.1801  2.7464  2.0895  1.6026  1.4115  1.5993  1.0373  0.9590  1.0982  2.6092  3.9920  5.0111  5.6328  11.5672  24.9047  21.7679  8.6215  6.4779  24.4732  130.3961 
>
iteration       : 43
climbing        : no
zoom on         : no
nim             : 26
barrier         :   0.00418955 (image: 10) 
distance        :   0.00000000    0.19577817    0.44648766    0.56449232    0.64048356    0.70007620    0.75143593    0.79772009    0.84120996    0.88347346    0.92533897    0.96675428    1.00693372    1.04606200    1.08813521    1.13376700    1.19913934    1.47331438    1.66805083    1.81617787    1.93760108    2.06267562    2.21507278    2.33425796    2.36477386    2.53904499 
energy          : -600.13456430  -600.13528662  -600.13474936  -600.13384462  -600.13299879  -600.13224498  -600.13161045  -600.13108452  -600.13070134  -600.13045959  -600.13037475  -600.13046026  -600.13071747  -600.13114968  -600.13182678  -600.13283521  -600.13478211  -600.14862256  -600.16100643  -600.16842871  -600.17192906  -600.17400459  -600.17560300  -600.17640001  -600.17652314  -600.17332434 
max(|Fr_perp|)   :   0.00000000    0.00003582    0.00009828    0.00017105    0.00036135    0.00009168    0.00007353    0.00004704    0.00003452    0.00002666    0.00002922    0.00003098    0.00003169    0.00004358    0.00038162    0.00174174    0.00151463    0.00017457    0.00036830    0.00135485    0.00047292    0.00096188    0.00031278    0.00012315    0.00049802    0.00000000 
Fr_paral         :   0.00000000    0.00047752   -0.00553639   -0.00994599   -0.01224560   -0.01283738   -0.01199825   -0.01010634   -0.00739710   -0.00402472   -0.00013711    0.00417713    0.00876084    0.01355245    0.01900248    0.02509952    0.03405119    0.06303938    0.05966115    0.03848310    0.02154142    0.01345914    0.00810850    0.00528064   -0.00587551    0.00000000 
max(|Fsp_paral|) :   0.00000000    0.00049015    0.00039426    0.00021927    0.00019574    0.00016588    0.00012249    0.00010034    0.00008822    0.00003139    0.00003812    0.00016784    0.00027275    0.00010095    0.00031537    0.00004973    0.00029303    0.00068086    0.00039308    0.00021528    0.00002684    0.00023992    0.00030000    0.00080858    0.00115615    0.00000000 
max(|Fsp_perp|)  :   0.00000000    0.00000000    0.00000000    0.00000000    0.00000000    0.00000000    0.00000000    0.00000000    0.00000000    0.00000000    0.00000000    0.00000000    0.00000000    0.00000000    0.00000000    0.00000000    0.00000000    0.00000000    0.00000000    0.00000000    0.00000000    0.00000000    0.00000000    0.00000000    0.00000000    0.00000000 
max(|FNEB|)      :   0.00000000    0.00049279    0.00044930    0.00037126    0.00032020    0.00016075    0.00010955    0.00007728    0.00007670    0.00002895    0.00004313    0.00017305    0.00027724    0.00010307    0.00037925    0.00174408    0.00151880    0.00064384    0.00045277    0.00122940    0.00047436    0.00106155    0.00035999    0.00080025    0.00150107    0.00000000 
max(|Force|)     :   0.00957590    0.00042873    0.00433399    0.00705445    0.00948148    0.01035169    0.00984859    0.00839272    0.00619989    0.00339942    0.00012111    0.00354638    0.00747724    0.01160956    0.01632137    0.02167163    0.02937978    0.05406714    0.05025547    0.03032939    0.01563938    0.01145390    0.00735598    0.00482380    0.00438044    0.04081123 
ksp              :   0.01000000    0.01000000    0.02546016    0.04363035    0.05982370    0.07345454    0.08475262    0.09298413    0.09817751    0.10000000    0.10000000    0.09816292    0.09263756    0.08335281    0.06880741    0.04714441    0.01000000    0.01000000    0.01000000    0.01000000    0.01000000    0.01000000    0.01000000    0.01000000    0.01000000 
max(|step|)      :   0.00000000    0.00525487    0.00234832    0.00408743    0.00211730    0.00130332    0.00127930    0.00138890    0.00106549    0.00038403    0.00038911    0.00131184    0.00261593    0.00280758    0.00190812    0.00322955    0.00119598    0.00713506    0.00390668    0.00150646    0.00420117    0.00431607    0.00278061    0.00776034    0.01417621    0.00010157 
angle (deg.)     :    17.6182  21.6240  19.2388  9.7261  2.7616  3.1404  2.1415  1.6398  1.3619  1.5844  1.0193  1.1089  2.9092  7.7709  8.1506  5.2473  5.7514  10.8279  24.1296  28.0611  7.5987  4.7757  35.4886  119.0266 
>
iteration       : 44
climbing        : no
zoom on         : no
nim             : 26
barrier         :   0.00419777 (image: 10) 
distance        :   0.00000000    0.20140113    0.44772029    0.56751107    0.64146756    0.70005222    0.75160888    0.79804031    0.84113419    0.88256751    0.92351512    0.96384408    1.00249962    1.04140389    1.08458059    1.13183534    1.19878539    1.46388200    1.66268009    1.81320114    1.93846824    2.06942674    2.21374308    2.32772225    2.35278865    2.51313302 
energy          : -600.13456430  -600.13528360  -600.13473721  -600.13381034  -600.13297555  -600.13222185  -600.13158323  -600.13107605  -600.13069047  -600.13046548  -600.13036653  -600.13044469  -600.13068122  -600.13110230  -600.13179224  -600.13281824  -600.13480543  -600.14809250  -600.16074757  -600.16835154  -600.17195707  -600.17406468  -600.17557280  -600.17635306  -600.17643748  -600.17332434 
max(|Fr_perp|)   :   0.00000000    0.00009005    0.00023815    0.00021918    0.00034906    0.00018608    0.00007536    0.00002658    0.00003997    0.00002900    0.00004414    0.00007039    0.00014968    0.00019894    0.00193752    0.00422210    0.00169128    0.00093998    0.00099804    0.00248071    0.00121892    0.00132271    0.00032852    0.00021644    0.00049536    0.00000000 
Fr_paral         :   0.00000000    0.00039686   -0.00568518   -0.01005799   -0.01231162   -0.01283592   -0.01195558   -0.01002514   -0.00730156   -0.00398119   -0.00020328    0.00400543    0.00838991    0.01312967    0.01862615    0.02465227    0.03412581    0.06258722    0.06009615    0.03863090    0.02065505    0.01308203    0.00825455    0.00544042   -0.00640298    0.00000000 
max(|Fsp_paral|) :   0.00000000    0.00040110    0.00053755    0.00008992    0.00021120    0.00022492    0.00010285    0.00006069    0.00003795    0.00003316    0.00005241    0.00019737    0.00014759    0.00000739    0.00030501    0.00009026    0.00045138    0.00056816    0.00040667    0.00020457    0.00004003    0.00011909    0.00027446    0.00080899    0.00106378    0.00000000 
max(|Fsp_perp|)  :   0.00000000    0.00000000    0.00000000    0.00000000    0.00000000    0.00000000    0.00000000    0.00000000    0.00000000    0.00000000    0.00000000    0.00000000    0.00000000    0.00000000    0.00000000    0.00000000    0.00000000    0.00000000    0.00000000    0.00000000    0.00000000    0.00000000    0.00000000    0.00000000    0.00000000    0.00000000 
max(|FNEB|)      :   0.00000000    0.00037749    0.00074496    0.00022064    0.00026496    0.00032404    0.00013251    0.00004945    0.00003940    0.00003175    0.00005646    0.00020272    0.00015342    0.00019899    0.00195357    0.00422856    0.00170369    0.00095061    0.00100524    0.00248275    0.00125896    0.00129984    0.00039126    0.00077616    0.00142721    0.00000000 
max(|Force|)     :   0.00957590    0.00033076    0.00434631    0.00717905    0.00963438    0.01039490    0.00981560    0.00832336    0.00611370    0.00335873    0.00017627    0.00340036    0.00715855    0.01123935    0.01608235    0.02151662    0.02946479    0.05371373    0.05070833    0.03056765    0.01574820    0.01132102    0.00743511    0.00498292    0.00467169    0.04081123 
ksp              :   0.01000000    0.01000000    0.02616479    0.04406263    0.06022200    0.07391398    0.08478780    0.09305469    0.09787853    0.10000000    0.10000000    0.09832408    0.09325294    0.08422504    0.06943283    0.04743532    0.01000000    0.01000000    0.01000000    0.01000000    0.01000000    0.01000000    0.01000000    0.01000000    0.01000000 
max(|step|)      :   0.00000000    0.00204636    0.00104927    0.00138601    0.00089048    0.00047434    0.00046600    0.00050008    0.00038633    0.00015320    0.00016941    0.00057971    0.00099916    0.00096162    0.00078879    0.00153162    0.00069000    0.00276110    0.00155758    0.00127083    0.00089101    0.00131380    0.00114631    0.00315702    0.00577613    0.00003421 
angle (deg.)     :    17.4407  20.8208  20.4599  8.6914  2.8799  3.1949  2.1205  1.6133  1.3270  1.5816  1.0012  0.9769  1.4252  2.9178  2.7867  4.3604  5.8954  10.7110  23.1087  29.4113  8.0962  4.2567  40.5104  113.5467 
>
iteration       : 45
climbing        : no
zoom on         : no
nim             : 26
barrier         :   0.00418712 (image: 10) 
distance        :   0.00000000    0.20362377    0.44867657    0.56873272    0.64208080    0.70033206    0.75186638    0.79831242    0.84125328    0.88240102    0.92296768    0.96281475    1.00098157    1.03993294    1.08326490    1.13126277    1.19813199    1.45995853    1.66028581    1.81174701    1.93805190    2.07061048    2.21197492    2.32383911    2.34680051    2.50158391 
energy          : -600.13456430  -600.13529091  -600.13472406  -600.13378797  -600.13295976  -600.13223087  -600.13158682  -600.13106786  -600.13069935  -600.13045670  -600.13037718  -600.13044873  -600.13067768  -600.13109206  -600.13177109  -600.13281844  -600.13480246  -600.14788929  -600.16063854  -600.16832099  -600.17197368  -600.17409316  -600.17556946  -600.17633096  -600.17640786  -600.17332434 
max(|Fr_perp|)   :   0.00000000    0.00009810    0.00027819    0.00025796    0.00025574    0.00020030    0.00007118    0.00002188    0.00003485    0.00002788    0.00002676    0.00003822    0.00007640    0.00005789    0.00075515    0.00140859    0.00042010    0.00054847    0.00049790    0.00149256    0.00161277    0.00133180    0.00037219    0.00026184    0.00044927    0.00000000 
Fr_paral         :   0.00000000    0.00036295   -0.00573944   -0.01009361   -0.01233846   -0.01282370   -0.01192603   -0.00997844   -0.00726138   -0.00398226   -0.00020184    0.00392568    0.00825031    0.01298878    0.01856892    0.02500040    0.03418175    0.06240075    0.06027797    0.03897167    0.02045033    0.01294153    0.00829980    0.00550978   -0.00660245    0.00000000 
max(|Fsp_paral|) :   0.00000000    0.00037000    0.00060422    0.00004320    0.00018831    0.00024621    0.00011557    0.00003451    0.00003994    0.00001031    0.00006095    0.00019277    0.00009772    0.00002040    0.00026250    0.00015804    0.00048227    0.00052710    0.00041142    0.00020325    0.00004324    0.00007855    0.00026733    0.00080822    0.00102487    0.00000000 
max(|Fsp_perp|)  :   0.00000000    0.00000000    0.00000000    0.00000000    0.00000000    0.00000000    0.00000000    0.00000000    0.00000000    0.00000000    0.00000000    0.00000000    0.00000000    0.00000000    0.00000000    0.00000000    0.00000000    0.00000000    0.00000000    0.00000000    0.00000000    0.00000000    0.00000000    0.00000000    0.00000000    0.00000000 
max(|FNEB|)      :   0.00000000    0.00034273    0.00084251    0.00024326    0.00024950    0.00035145    0.00013529    0.00003381    0.00004105    0.00002691    0.00006255    0.00019803    0.00010431    0.00005814    0.00076285    0.00141086    0.00048289    0.00055803    0.00050485    0.00137656    0.00165601    0.00131637    0.00036286    0.00076760    0.00136620    0.00000000 
max(|Force|)     :   0.00957590    0.00029687    0.00436483    0.00723612    0.00966635    0.01036997    0.00978199    0.00828049    0.00607705    0.00335967    0.00017256    0.00333258    0.00703812    0.01111820    0.01595993    0.02153618    0.02944728    0.05354435    0.05087767    0.03092303    0.01575283    0.01127792    0.00746925    0.00504957    0.00479183    0.04081123 
ksp              :   0.01000000    0.01000000    0.02668672    0.04448880    0.06015592    0.07399940    0.08515421    0.09307511    0.09829079    0.10000000    0.10000000    0.09846206    0.09354085    0.08463411    0.07003865    0.04752645    0.01000000    0.01000000    0.01000000    0.01000000    0.01000000    0.01000000    0.01000000    0.01000000    0.01000000 
max(|step|)      :   0.00000000    0.00606171    0.00353009    0.00369653    0.00255209    0.00147242    0.00142864    0.00144895    0.00115319    0.00042185    0.00052860    0.00176491    0.00288283    0.00279735    0.00244281    0.00200112    0.00072025    0.00821377    0.00459161    0.00324983    0.00187015    0.00386772    0.00349731    0.00951335    0.01732441    0.00015458 
angle (deg.)     :    16.9831  19.0161  23.4361  6.4561  3.4943  3.2449  2.0690  1.4994  1.2734  1.5320  0.9777  1.0042  1.8187  4.1924  4.5126  4.3918  6.2154  11.1329  21.5159  31.7155  9.9190  5.2877  60.8659  91.3115 
>
iteration       : 46
climbing        : no
zoom on         : no
nim             : 26
barrier         :   0.00418732 (image: 10) 
distance        :   0.00000000    0.21024547    0.45205627    0.57233642    0.64415331    0.70154783    0.75293175    0.79932230    0.84185847    0.88212060    0.92156101    0.95996124    0.99682802    1.03589010    1.07961750    1.12977644    1.19698637    1.44948140    1.65424558    1.80875463    1.93867586    2.07484499    2.20756695    2.31309792    2.33111406    2.46954666 
energy          : -600.13456430  -600.13528565  -600.13470320  -600.13375049  -600.13292787  -600.13219755  -600.13155766  -600.13105275  -600.13068697  -600.13045841  -600.13037698  -600.13043345  -600.13064350  -600.13104330  -600.13172073  -600.13279420  -600.13478248  -600.14727714  -600.16031136  -600.16824220  -600.17201700  -600.17415904  -600.17553542  -600.17627436  -600.17629555  -600.17332434 
max(|Fr_perp|)   :   0.00000000    0.00009528    0.00042685    0.00059914    0.00016088    0.00022419    0.00006340    0.00005761    0.00004401    0.00003514    0.00003301    0.00003057    0.00006766    0.00012853    0.00103843    0.00229054    0.00098461    0.00056462    0.00060311    0.00152974    0.00243131    0.00141637    0.00062744    0.00038043    0.00028450    0.00000000 
Fr_paral         :   0.00000000    0.00023836   -0.00590560   -0.01019555   -0.01241965   -0.01282633   -0.01188384   -0.00989602   -0.00717190   -0.00393381   -0.00027554    0.00370310    0.00784947    0.01257260    0.01817089    0.02482421    0.03409693    0.06179373    0.06075982    0.03979079    0.01997146    0.01258607    0.00839820    0.00572798   -0.00724181    0.00000000 
max(|Fsp_paral|) :   0.00000000    0.00028208    0.00071257    0.00004651    0.00019311    0.00027178    0.00010698    0.00000411    0.00001211    0.00000987    0.00008814    0.00016840    0.00003459    0.00005486    0.00015404    0.00029051    0.00060692    0.00040930    0.00042284    0.00019688    0.00004186    0.00003070    0.00024736    0.00079345    0.00089755    0.00000000 
max(|Fsp_perp|)  :   0.00000000    0.00000000    0.00000000    0.00000000    0.00000000    0.00000000    0.00000000    0.00000000    0.00000000    0.00000000    0.00000000    0.00000000    0.00000000    0.00000000    0.00000000    0.00000000    0.00000000    0.00000000    0.00000000    0.00000000    0.00000000    0.00000000    0.00000000    0.00000000    0.00000000    0.00000000 
max(|FNEB|)      :   0.00000000    0.00025516    0.00101390    0.00063504    0.00022443    0.00039071    0.00012241    0.00005712    0.00004523    0.00003602    0.00008952    0.00017276    0.00006815    0.00012748    0.00103924    0.00230809    0.00099213    0.00055951    0.00078206    0.00153568    0.00247285    0.00141172    0.00062326    0.00073072    0.00113200    0.00000000 
max(|Force|)     :   0.00957590    0.00018609    0.00443441    0.00739230    0.00974443    0.01033420    0.00973042    0.00820305    0.00600091    0.00331759    0.00023486    0.00314363    0.00669287    0.01076163    0.01560469    0.02146911    0.02938725    0.05300896    0.05132425    0.03193732    0.01570839    0.01114335    0.00757105    0.00525602    0.00516337    0.04081123 
ksp              :   0.01000000    0.01000000    0.02749163    0.04517262    0.06086954    0.07462307    0.08547545    0.09333725    0.09824980    0.10000000    0.10000000    0.09878620    0.09427164    0.08567854    0.07111819    0.04804558    0.01000000    0.01000000    0.01000000    0.01000000    0.01000000    0.01000000    0.01000000    0.01000000    0.01000000 
max(|step|)      :   0.00000000    0.00565750    0.00419496    0.00259991    0.00235824    0.00148297    0.00135544    0.00131220    0.00099068    0.00037806    0.00057079    0.00174652    0.00252613    0.00243452    0.00225956    0.00044348    0.00084665    0.00771007    0.00432519    0.00289155    0.00333182    0.00334382    0.00343368    0.00922890    0.01656716    0.00011541 
angle (deg.)     :    16.6187  18.5269  24.5421  5.4667  4.5539  3.1264  1.9370  1.4152  1.2124  1.5061  0.9385  1.0839  2.3947  5.6281  5.9582  4.5757  6.2799  12.1546  20.8185  30.4681  12.9046  7.7608  86.8675  62.9626 
>
iteration       : 47
climbing        : no
zoom on         : no
nim             : 26
barrier         :   0.00418551 (image: 10) 
distance        :   0.00000000    0.21647572    0.45630413    0.57548819    0.64639574    0.70312118    0.75414475    0.80038560    0.84249735    0.88201817    0.92033902    0.95736377    0.99333104    1.03250953    1.07645320    1.12888656    1.19551612    1.43986027    1.64851493    1.80634351    1.93980413    2.07699149    2.20202717    2.30129573    2.31780805    2.44110756 
energy          : -600.13456430  -600.13528686  -600.13467432  -600.13371186  -600.13289255  -600.13217105  -600.13153753  -600.13103696  -600.13067622  -600.13045746  -600.13037879  -600.13042595  -600.13062312  -600.13101209  -600.13166878  -600.13278631  -600.13474511  -600.14671078  -600.15998449  -600.16815600  -600.17206880  -600.17422098  -600.17550236  -600.17621164  -600.17618372  -600.17332434 
max(|Fr_perp|)   :   0.00000000    0.00005470    0.00048548    0.00078106    0.00030193    0.00018365    0.00009222    0.00007505    0.00005143    0.00004242    0.00004602    0.00006070    0.00012385    0.00015874    0.00150600    0.00304891    0.00137845    0.00058208    0.00091904    0.00233331    0.00240568    0.00123697    0.00071542    0.00042206    0.00011469    0.00000000 
Fr_paral         :   0.00000000    0.00011454   -0.00606992   -0.01030198   -0.01247862   -0.01280795   -0.01182649   -0.00980935   -0.00708982   -0.00390316   -0.00034228    0.00347535    0.00750215    0.01221440    0.01779334    0.02467249    0.03392979    0.06118311    0.06116709    0.04048405    0.01998228    0.01231388    0.00843990    0.00596011   -0.00795589    0.00000000 
max(|Fsp_paral|) :   0.00000000    0.00020877    0.00077854    0.00008905    0.00017542    0.00027586    0.00011359    0.00002310    0.00004742    0.00004480    0.00010983    0.00012088    0.00012950    0.00007188    0.00000604    0.00049384    0.00066385    0.00030623    0.00042791    0.00019323    0.00002511    0.00010744    0.00023485    0.00074944    0.00075066    0.00000000 
max(|Fsp_perp|)  :   0.00000000    0.00000000    0.00000000    0.00000000    0.00000000    0.00000000    0.00000000    0.00000000    0.00000000    0.00000000    0.00000000    0.00000000    0.00000000    0.00000000    0.00000000    0.00000000    0.00000000    0.00000000    0.00000000    0.00000000    0.00000000    0.00000000    0.00000000    0.00000000    0.00000000    0.00000000 
max(|FNEB|)      :   0.00000000    0.00019071    0.00107814    0.00084669    0.00042454    0.00035083    0.00013321    0.00007778    0.00005532    0.00004738    0.00011177    0.00012597    0.00012559    0.00015722    0.00150608    0.00308596    0.00139055    0.00057827    0.00091348    0.00234103    0.00243021    0.00121978    0.00071531    0.00068460    0.00081065    0.00000000 
max(|Force|)     :   0.00957590    0.00008434    0.00453143    0.00751712    0.00977559    0.01027770    0.00967166    0.00813074    0.00593478    0.00329340    0.00029198    0.00294869    0.00639506    0.01045388    0.01529499    0.02141914    0.02925591    0.05248305    0.05167645    0.03278785    0.01555926    0.01101569    0.00766684    0.00546235    0.00553259    0.04081123 
ksp              :   0.01000000    0.01000000    0.02832987    0.04594710    0.06146149    0.07508380    0.08584755    0.09360430    0.09830821    0.10000000    0.10000000    0.09898595    0.09474609    0.08638214    0.07226158    0.04823171    0.01000000    0.01000000    0.01000000    0.01000000    0.01000000    0.01000000    0.01000000    0.01000000    0.01000000 
max(|step|)      :   0.00000000    0.01324832    0.01228261    0.00598110    0.00521153    0.00414194    0.00350117    0.00287146    0.00209832    0.00062205    0.00161006    0.00417668    0.00532440    0.00530232    0.00467403    0.00189746    0.00360970    0.01817425    0.01071543    0.00461501    0.01195693    0.00774516    0.00824931    0.02261228    0.03895567    0.00023786 
angle (deg.)     :    15.9565  20.4444  21.4402  4.3385  6.5865  2.5280  1.8108  1.2472  1.1733  1.3294  0.9782  1.0166  2.1023  4.9406  2.8672  4.5093  6.1935  13.6337  21.2640  22.3929  22.0865  11.3973  125.4557  30.5364 
>
iteration       : 48
climbing        : no
zoom on         : no
nim             : 26
barrier         :   0.00419428 (image: 10) 
distance        :   0.00000000    0.23110162    0.46928913    0.58214775    0.65184242    0.70753313    0.75729091    0.80262990    0.84374895    0.88150347    0.91717780    0.95121551    0.98586054    1.02509067    1.06978606    1.12542921    1.19006796    1.41707268    1.63391289    1.80064215    1.94341275    2.08036324    2.18820368    2.27143850    2.29881273    2.38943342 
energy          : -600.13456430  -600.13528687  -600.13459072  -600.13362812  -600.13280713  -600.13209941  -600.13148664  -600.13099946  -600.13066369  -600.13045387  -600.13037002  -600.13040495  -600.13057432  -600.13093525  -600.13158196  -600.13272946  -600.13461184  -600.14540606  -600.15915465  -600.16795924  -600.17222553  -600.17434016  -600.17542453  -600.17605825  -600.17588078  -600.17332434 
max(|Fr_perp|)   :   0.00000000    0.00006812    0.00042376    0.00059069    0.00065345    0.00015762    0.00006210    0.00007218    0.00004179    0.00003586    0.00003534    0.00004301    0.00008788    0.00013658    0.00129178    0.00281149    0.00267264    0.00319473    0.00121400    0.00200292    0.00116390    0.00115358    0.00120537    0.00049641    0.00107370    0.00000000 
Fr_paral         :   0.00000000   -0.00017667   -0.00650363   -0.01065502   -0.01257344   -0.01275629   -0.01168350   -0.00961735   -0.00691679   -0.00384361   -0.00053090    0.00294578    0.00677847    0.01144531    0.01708939    0.02440842    0.03336552    0.05953109    0.06205623    0.04163217    0.02068689    0.01156687    0.00852004    0.00649215   -0.01024177    0.00000000 
max(|Fsp_paral|) :   0.00000000    0.00006338    0.00077572    0.00005348    0.00013556    0.00022714    0.00011339    0.00005716    0.00012167    0.00011811    0.00013868    0.00002952    0.00026649    0.00015095    0.00016298    0.00079526    0.00079409    0.00008736    0.00042320    0.00018860    0.00004039    0.00024887    0.00022352    0.00050382    0.00049507    0.00000000 
max(|Fsp_perp|)  :   0.00000000    0.00000000    0.00000000    0.00000000    0.00000000    0.00000000    0.00000000    0.00000000    0.00000000    0.00000000    0.00000000    0.00000000    0.00000000    0.00000000    0.00000000    0.00000000    0.00000000    0.00000000    0.00000000    0.00000000    0.00000000    0.00000000    0.00000000    0.00000000    0.00000000    0.00000000 
max(|FNEB|)      :   0.00000000    0.00007946    0.00090969    0.00062979    0.00075201    0.00030766    0.00014359    0.00007882    0.00013191    0.00012943    0.00014850    0.00004413    0.00025656    0.00014498    0.00129013    0.00286497    0.00269333    0.00319532    0.00122585    0.00212453    0.00117442    0.00127215    0.00120569    0.00062759    0.00102494    0.00000000 
max(|Force|)     :   0.00957590    0.00016063    0.00484204    0.00779956    0.00985558    0.01022644    0.00957207    0.00798466    0.00580362    0.00325186    0.00045967    0.00249297    0.00577056    0.00978799    0.01467598    0.02115281    0.02879829    0.05111464    0.05246712    0.03385355    0.01505800    0.01071292    0.00787900    0.00598554    0.00748701    0.04081123 
ksp              :   0.01000000    0.01000000    0.03008842    0.04770501    0.06289108    0.07603976    0.08649355    0.09369837    0.09820066    0.10000000    0.10000000    0.09925046    0.09561613    0.08787125    0.07399430    0.04937156    0.01000000    0.01000000    0.01000000    0.01000000    0.01000000    0.01000000    0.01000000    0.01000000    0.01000000 
max(|step|)      :   0.00000000    0.00467576    0.00654653    0.00244813    0.00232876    0.00200673    0.00145667    0.00085559    0.00042400    0.00015303    0.00088249    0.00146742    0.00126814    0.00137215    0.00253024    0.00602589    0.00604880    0.00713697    0.00441960    0.00268046    0.00663032    0.00362135    0.00312059    0.00865918    0.01193743    0.00002909 
angle (deg.)     :    15.7711  23.2094  15.8267  4.6448  6.2335  2.2978  1.5632  1.3177  1.1962  1.2970  0.9434  1.1529  3.6294  10.8560  8.7287  4.2545  7.7461  14.0384  23.5597  18.5625  22.7944  9.2569  123.2745  33.2059 
>
iteration       : 49
climbing        : no
zoom on         : no
nim             : 26
barrier         :   0.00419008 (image: 10) 
distance        :   0.00000000    0.23629977    0.47658794    0.58416605    0.65413642    0.70979783    0.75870899    0.80326120    0.84388620    0.88107491    0.91576708    0.94912594    0.98402128    1.02312770    1.06781160    1.12316256    1.18640619    1.40990378    1.62866089    1.79918650    1.94687659    2.08299830    2.18354021    2.26035547    2.29514824    2.37504354 
energy          : -600.13456430  -600.13528530  -600.13454619  -600.13360401  -600.13277681  -600.13206697  -600.13146944  -600.13098382  -600.13065545  -600.13045323  -600.13037422  -600.13041216  -600.13057592  -600.13092447  -600.13154284  -600.13266583  -600.13448283  -600.14494235  -600.15879587  -600.16787599  -600.17227787  -600.17438273  -600.17540469  -600.17599545  -600.17574591  -600.17332434 
max(|Fr_perp|)   :   0.00000000    0.00010132    0.00039152    0.00014508    0.00048971    0.00009719    0.00006798    0.00005022    0.00003997    0.00003762    0.00003716    0.00003709    0.00006174    0.00031387    0.00242445    0.00719145    0.00363210    0.00769998    0.00526696    0.00161539    0.00130299    0.00145003    0.00092440    0.00091285    0.00136025    0.00000000 
Fr_paral         :   0.00000000   -0.00028173   -0.00671354   -0.01083167   -0.01260928   -0.01272926   -0.01162438   -0.00955371   -0.00687305   -0.00384639   -0.00063379    0.00276385    0.00661459    0.01125270    0.01678102    0.02323881    0.03296269    0.05862220    0.06216184    0.04186376    0.02109660    0.01138064    0.00863305    0.00659406   -0.01212002    0.00000000 
max(|Fsp_paral|) :   0.00000000    0.00011926    0.00059075    0.00006748    0.00012048    0.00016065    0.00010809    0.00004551    0.00013512    0.00015727    0.00011293    0.00010629    0.00023877    0.00017034    0.00017594    0.00079812    0.00050434    0.00037628    0.00040839    0.00018096    0.00008490    0.00029817    0.00021527    0.00037428    0.00036459    0.00000000 
max(|Fsp_perp|)  :   0.00000000    0.00000000    0.00000000    0.00000000    0.00000000    0.00000000    0.00000000    0.00000000    0.00000000    0.00000000    0.00000000    0.00000000    0.00000000    0.00000000    0.00000000    0.00000000    0.00000000    0.00000000    0.00000000    0.00000000    0.00000000    0.00000000    0.00000000    0.00000000    0.00000000    0.00000000 
max(|FNEB|)      :   0.00000000    0.00012171    0.00054013    0.00016368    0.00057460    0.00024683    0.00013367    0.00005717    0.00015472    0.00017387    0.00012645    0.00009500    0.00023052    0.00031503    0.00241320    0.00728164    0.00361890    0.00772324    0.00527926    0.00172921    0.00130609    0.00143348    0.00098309    0.00089297    0.00115829    0.00000000 
max(|Force|)     :   0.00957590    0.00024950    0.00501833    0.00795249    0.00985988    0.01023381    0.00953999    0.00795032    0.00577572    0.00325936    0.00055033    0.00233480    0.00562980    0.00961656    0.01453412    0.02078346    0.02827332    0.05075699    0.05268681    0.03384881    0.01479479    0.01057960    0.00794345    0.00618593    0.00924474    0.04081123 
ksp              :   0.01000000    0.01038902    0.03062631    0.04839410    0.06364095    0.07647548    0.08690621    0.09395941    0.09830287    0.10000000    0.10000000    0.09918514    0.09566767    0.08818101    0.07489889    0.05077776    0.01174994    0.01000000    0.01000000    0.01000000    0.01000000    0.01000000    0.01000000    0.01000000    0.01000000 
max(|step|)      :   0.00000000    0.00435671    0.00444653    0.00203750    0.00167635    0.00140888    0.00116104    0.00092994    0.00066711    0.00019647    0.00056987    0.00141763    0.00169801    0.00167212    0.00165645    0.00359178    0.00256403    0.00607563    0.00359809    0.00158871    0.00474508    0.00260536    0.00275843    0.00763744    0.01279364    0.00004088 
angle (deg.)     :    15.9321  21.9037  17.6941  4.7586  5.4076  2.4803  1.6866  1.3573  1.2009  1.3499  0.9434  0.9806  1.2989  2.5233  1.7990  4.0093  5.6205  12.8385  23.0928  20.4049  18.4144  7.5748  117.7030  32.7204 
>
iteration       : 50
climbing        : no
zoom on         : no
nim             : 26
barrier         :   0.00419399 (image: 10) 
distance        :   0.00000000    0.23146197    0.47180926    0.58183618    0.65204538    0.70796953    0.75737530    0.80227926    0.84323543    0.88098603    0.91658517    0.95093088    0.98614293    1.02521447    1.06978574    1.12397390    1.18775762    1.41634431    1.63236088    1.79969734    1.94399080    2.07984901    2.18599273    2.26816460    2.29806546    2.38713623 
energy          : -600.13456430  -600.13528649  -600.13457699  -600.13362887  -600.13280219  -600.13208953  -600.13148124  -600.13100402  -600.13066537  -600.13045511  -600.13037031  -600.13041621  -600.13058718  -600.13094207  -600.13158204  -600.13270160  -600.13453408  -600.14538840  -600.15908719  -600.16794799  -600.17224019  -600.17434725  -600.17542648  -600.17604896  -600.17586378  -600.17332434 
max(|Fr_perp|)   :   0.00000000    0.00006829    0.00036070    0.00016642    0.00037705    0.00005169    0.00003882    0.00002578    0.00003384    0.00003260    0.00003241    0.00003319    0.00003396    0.00007990    0.00056329    0.00137355    0.00149871    0.00168276    0.00077117    0.00109590    0.00050655    0.00083097    0.00072483    0.00043613    0.00032242    0.00000000 
Fr_paral         :   0.00000000   -0.00017912   -0.00657619   -0.01071541   -0.01257939   -0.01274863   -0.01167053   -0.00962329   -0.00693824   -0.00386877   -0.00056212    0.00294089    0.00684067    0.01149417    0.01715515    0.02438134    0.03312253    0.05958029    0.06213230    0.04146294    0.02087580    0.01178284    0.00861486    0.00652815   -0.01126181    0.00000000 
max(|Fsp_paral|) :   0.00000000    0.00007945    0.00068408    0.00003558    0.00013306    0.00018863    0.00009612    0.00003610    0.00010881    0.00012347    0.00010617    0.00004411    0.00020361    0.00015829    0.00008539    0.00070772    0.00064934    0.00023533    0.00041183    0.00018331    0.00006078    0.00025431    0.00021800    0.00047263    0.00045701    0.00000000 
max(|Fsp_perp|)  :   0.00000000    0.00000000    0.00000000    0.00000000    0.00000000    0.00000000    0.00000000    0.00000000    0.00000000    0.00000000    0.00000000    0.00000000    0.00000000    0.00000000    0.00000000    0.00000000    0.00000000    0.00000000    0.00000000    0.00000000    0.00000000    0.00000000    0.00000000    0.00000000    0.00000000    0.00000000 
max(|FNEB|)      :   0.00000000    0.00007648    0.00075245    0.00017317    0.00046961    0.00022538    0.00010791    0.00004427    0.00012264    0.00013589    0.00011636    0.00004655    0.00019497    0.00014670    0.00056104    0.00138088    0.00149400    0.00168901    0.00076839    0.00120919    0.00050802    0.00086529    0.00077797    0.00055773    0.00072681    0.00000000 
max(|Force|)     :   0.00957590    0.00016639    0.00490008    0.00785210    0.00985230    0.01025942    0.00957659    0.00800175    0.00582456    0.00327422    0.00048632    0.00248758    0.00582414    0.00982590    0.01472779    0.02098708    0.02851789    0.05117682    0.05250696    0.03345599    0.01499045    0.01068189    0.00787370    0.00600253    0.00842854    0.04081123 
ksp              :   0.01000000    0.01000000    0.03007371    0.04781351    0.06310679    0.07616017    0.08640095    0.09366810    0.09818022    0.10000000    0.10000000    0.09901495    0.09534607    0.08773048    0.07399706    0.04997223    0.01064857    0.01000000    0.01000000    0.01000000    0.01000000    0.01000000    0.01000000    0.01000000    0.01000000 
max(|step|)      :   0.00000000    0.00006741    0.00085476    0.00034990    0.00057066    0.00023784    0.00009398    0.00008921    0.00017428    0.00016758    0.00013056    0.00007532    0.00031066    0.00024962    0.00022725    0.00082773    0.00083691    0.00075248    0.00041956    0.00151051    0.00064352    0.00109128    0.00101762    0.00061381    0.00080485    0.00000315 
angle (deg.)     :    15.9465  22.3864  16.3735  5.8353  4.7813  2.4532  1.7015  1.4018  1.2109  1.3517  0.9434  0.9640  1.0581  1.3782  1.3916  3.8980  5.4326  12.3235  24.0192  20.2345  15.8051  6.4244  115.0450  34.8499 
>
